"turn","mode","anchor","batch_htsn_combined","batch_new_nodes","batch_new_edges","raw_batch_reward","effective_fewa_reward","evaluation_node_precision","evaluation_node_recall","evaluation_edge_pair_precision","evaluation_edge_pair_recall","evaluation_node_tsc_rank","evaluation_edge_tsc_rank"
1,"explore",,0.0,59,33,0.0,,0.8135593220338984,0.04074702886247878,1.0,0.010833880499015102,0.06119930916189941,0.010820878324943163
2,"exploit","DIAGNOSTIC TESTS",0.1375921375921376,21,13,0.011824324324324325,0.011824324324324325,0.8625,0.05857385398981324,1.0,0.015101772816808929,0.09162492112536669,0.01513006145118562
3,"explore",,0.11394176931690932,24,10,0.008456615691489363,,0.8846153846153846,0.07809847198641766,1.0,0.018384766907419567,0.11771650161007896,0.01861757571669393
4,"explore",,0.3347371967654987,16,20,0.034650530133928575,,0.9,0.09168081494057725,1.0,0.02495075508864084,0.13309298171293438,0.0256582278751466
5,"explore",,0.43591761773579946,33,68,0.10301959325396823,,0.9215686274509803,0.11969439728353141,1.0,0.04727511490479317,0.17139939151738448,0.04847083212896168
6,"exploit","MEDICAL HISTORY AND PHYSICAL EXAM (H&P)",0.26910245372363323,19,29,0.04835434715346535,0.04835434715346535,0.9302325581395349,0.13582342954159593,1.0,0.05679579776756402,0.19402345057633968,0.05802792147995619
7,"explore",,0.15593220338983046,31,35,0.03806938559322033,,0.9408866995073891,0.16213921901528014,1.0,0.06828627708470125,0.22070085110542917,0.06939774907905624
8,"exploit","TUMOR STAGING",0.13505116959064326,19,8,0.009495785361842105,0.009495785361842105,0.9414414414414415,0.1774193548387097,1.0,0.07091267235718976,0.24372928152244985,0.07208480770293184
9,"exploit","SURGERY",0.2575549450549451,19,18,0.02817007211538462,0.02817007211538462,0.941908713692946,0.1926994906621392,1.0,0.07682206172028891,0.2571342661030145,0.07843396996391304
10,"exploit","NASOPHARYNGEAL CANCER",0.3095512082853854,17,29,0.039903085443037965,0.039903085443037965,0.9457364341085271,0.2071307300509338,1.0,0.08634274458305975,0.27578793166272075,0.08798724398773106
11,"explore",,0.3322727272727274,15,38,0.05710937500000002,,0.945054945054945,0.21901528013582344,1.0,0.09881812212738017,0.29236863855717826,0.1007034242408795
12,"exploit","DIABETES",0.17768083309878974,14,23,0.032968123328877004,0.032968123328877004,0.9477351916376306,0.23089983022071306,1.0,0.10636900853578464,0.30536258631773117,0.10815704741291805
13,"explore",,0.1535583860336688,33,33,0.032691140776699025,,0.915625,0.24872665534804753,1.0,0.11720288903479974,0.3216877838375867,0.11829620307796161
14,"explore",,0.13119755911517925,6,9,0.01768092105263158,,0.9171779141104295,0.2538200339558574,1.0,0.12015758371634931,0.32801330722447086,0.12131168506519155
15,"exploit","MEDICAL TEAM",0.43380926724137925,11,37,0.06778269800646551,0.06778269800646551,0.9198813056379822,0.2631578947368421,1.0,0.13230466185160866,0.3382010955056999,0.13433461762333182
16,"explore",,0.2700084627939309,25,53,0.07488515960300428,,0.925414364640884,0.2843803056027165,1.0,0.14970453053184504,0.36046447901268064,0.1517744781471793
17,"explore",,0.18141592920353986,17,28,0.04003906250000001,,0.9287598944591029,0.298811544991511,1.0,0.15889691398555483,0.377625821703335,0.16061031804872553
18,"exploit","TEST RESULTS",0.1567739771965124,5,9,0.012860365316901408,0.012860365316901408,0.9296875,0.3030560271646859,0.9979716024340771,0.16152330925804334,0.38182432212251843,0.16330500732695416
19,"exploit","BLOOD TRANSFUSION",0.24716442268461855,19,31,0.04151589912280702,0.04151589912280702,0.9330024813895782,0.31918505942275044,0.9980916030534351,0.1717005909389363,0.39526781826099416,0.1737090993111349
20,"exploit","MRI SCAN",0.3387153387153386,21,32,0.04895495129870128,0.04895495129870128,0.9363207547169812,0.3370118845500849,0.9982014388489209,0.18220617202889033,0.4155352662185483,0.18419346577910947
21,"exploit","HIGH WEIGHT",0.14816198711789616,16,22,0.02517596265479876,0.02517596265479876,0.9363636363636364,0.34974533106960953,0.9982698961937716,0.18942875902823375,0.4265110602231874,0.19087135662961896
22,"exploit","SQUAMOUS CELL CARCINOMA",0.2319673901306555,74,51,0.07339593203352772,0.07339593203352772,0.8443579766536965,0.3684210526315789,0.9984101748807631,0.206172028890348,0.4494409899247819,0.20704254456073168
23,"explore",,0.3847491306507702,19,56,0.09919313524590169,,0.849906191369606,0.3845500848896435,0.9985401459854014,0.22455679579776758,0.45954212720071114,0.22608560556415053
24,"exploit","CERVICAL CANCER",0.3361107188250247,19,27,0.04792203608247422,0.04792203608247422,0.855072463768116,0.400679117147708,0.9985955056179775,0.23342087984241627,0.4813011574204344,0.23552854032602383
25,"exploit","MICROSATELLITE INSTABILITY (MSI)",0.1128866792929293,1,10,0.014110834911616162,0.014110834911616162,0.8553345388788427,0.40152801358234297,0.9986149584487535,0.23670387393302691,0.4819388199466148,0.23859240066185197
26,"exploit","SURVIVORSHIP CARE FOR HEALTHY LIVING",0.42143522067681555,31,39,0.07572664121536529,0.07572664121536529,0.863013698630137,0.42784380305602715,0.9986859395532195,0.2495075508864084,0.5116179001721145,0.2520054122705189
27,"explore",,0.09214485278315065,13,12,0.019796745715130022,,0.8509212730318257,0.4312393887945671,0.9987063389391979,0.25344714379514116,0.5149232286905155,0.25607682420712113
28,"exploit","HEART TESTS",0.0,4,0,0.0,0.0,0.8519134775374376,0.43463497453310695,0.9987063389391979,0.25344714379514116,0.5182833621182515,0.25607682420712113
29,"exploit","NCCN GUIDELINES FOR PATIENTS",0.09265720081135903,10,3,0.005248161764705882,0.005248161764705882,0.8543371522094927,0.4431239388794567,0.9987113402061856,0.25443204202232433,0.526729983617773,0.25691726447756374
30,"explore",,0.1611478374292236,3,21,0.024864607728337235,,0.8550488599348535,0.4456706281833616,0.998745294855709,0.2613263296126067,0.5281201027369842,0.2631927146174946
31,"explore",,0.32798694832298647,12,36,0.06982534642032329,,0.8562300319488818,0.45500848896434637,0.9987995198079231,0.273145108338805,0.5373599142080961,0.27578878837112647
32,"exploit","ALPHA-1-ANTITRYPSIN DEFICIENCY",0.22982794943820228,12,32,0.05745698735955057,0.05745698735955057,0.8573667711598746,0.46434634974533107,0.9988439306358381,0.28365068942875904,0.5454873341410862,0.286444081496609
33,"exploit","CYSTOSCOPY",0.3515734688937301,20,46,0.061800023828975995,0.061800023828975995,0.8617021276595744,0.48132427843803055,0.9989023051591658,0.29875246224556795,0.5628997425650448,0.30094858190393325
34,"exploit","MISMATCH REPAIR",0.03510090466249131,0,3,0.005141734081419625,0.005141734081419625,0.8617021276595744,0.48132427843803055,0.9989059080962801,0.2997373604727511,0.5628997425650448,0.30191599626281024
35,"exploit","CYSTOSCOPY",0.02225661699421688,2,2,0.0037818860908141964,0.0037818860908141964,0.8621212121212121,0.4830220713073005,0.9989082969432315,0.30039395929087326,0.563400392817888,0.3025583447462482
36,"exploit","CLINICAL PRE-SURGERY STAGE",0.07763431447641975,3,7,0.008642882666320167,0.008642882666320167,0.8627450980392157,0.4855687606112054,0.9989165763813651,0.3026920551543007,0.5660362127141437,0.3048724169853478
37,"exploit","TUMOR MUTATION TESTING",0.0,2,0,0.0,0.0,0.8616541353383459,0.4864176570458404,0.9989165763813651,0.3026920551543007,0.5662865378405654,0.3048724169853478
38,"exploit","NASOPHARYNGEAL CANCER",0.08134642356241235,2,8,0.014775815217391306,0.014775815217391306,0.8620689655172413,0.48811544991511036,0.9989258861439313,0.30531845042678923,0.5677884885990949,0.3076054121484286
39,"explore",,0.21250274182934853,4,11,0.01950708762886598,,0.8628912071535022,0.49151103565365023,0.9989384288747346,0.30892974392646094,0.5687897891047813,0.31140898811723944
40,"exploit","SYSTEMIC THERAPY",0.0,6,0,0.0,0.0,0.8641063515509602,0.4966044142614601,0.9989384288747346,0.30892974392646094,0.5756959482878624,0.31140898811723944
41,"exploit","PROCTOSCOPY",0.2306664258623803,20,45,0.05090880102040815,0.05090880102040815,0.8680057388809183,0.5135823429541596,0.9989868287740629,0.3237032173342088,0.5976408708351947,0.3258219206723275
42,"exploit","BRCA MUTATION",0.10059515035377359,3,13,0.020826339721679688,0.020826339721679688,0.8685714285714285,0.5161290322580645,0.999,0.3279711096520026,0.6003781538744084,0.33009676585398134
43,"exploit","EARLY-STAGE PROSTATE CANCER",0.0,5,0,0.0,0.0,0.8695035460992908,0.5203735144312394,0.999,0.3279711096520026,0.6037930922114793,0.33009676585398134
44,"exploit","HYSTERECTOMY",0.377440820333806,17,43,0.06560983009708737,0.06560983009708737,0.8725761772853186,0.534804753820034,0.9990412272291467,0.34208798424162834,0.6234613892007641,0.3438946676682151
45,"exploit","SERIOUS BLOOD CLOTS",0.0,0,0,0.0,0.0,0.8725761772853186,0.534804753820034,0.9990412272291467,0.34208798424162834,0.6234613892007641,0.3438946676682151
46,"explore",,0.07306711979609176,5,3,0.004709404205607477,,0.8734525447042641,0.5390492359932089,0.9990439770554493,0.34307288246881157,0.6275665731527016,0.34483873222477185
47,"exploit","DIAGNOSIS",0.06754346438361308,19,12,0.013060162058550186,0.013060162058550186,0.8632707774798928,0.5466893039049237,0.999054820415879,0.3470124753775443,0.6341024288943304,0.3483152583480118
48,"exploit","B12 AND FOLIC ACID",0.15864938080495355,7,16,0.029436896829044115,0.029436896829044115,0.8645418326693227,0.5526315789473685,0.9990689013035382,0.35226526592252133,0.6425860807379972,0.35348624757688535
49,"explore",,0.10558180130505257,8,21,0.027014093693284936,,0.8646517739816032,0.5585738539898133,0.9990867579908675,0.35915955351280365,0.6490849061354809,0.36032010900237094
50,"exploit","FEVER",0.09485198964736329,9,16,0.024454028580960848,0.024454028580960848,0.8649350649350649,0.565365025466893,0.9990999099909991,0.36441234405778067,0.6551134461623205,0.36542898470481083
51,"explore",,0.02854636591478697,1,1,0.0019514117324561403,,0.8651102464332037,0.566213921901528,0.9991007194244604,0.36474064346684176,0.655363771288742,0.36578350490605255
52,"exploit","ADRENAL TUMORS",0.2644954145716814,13,26,0.04804311241243432,0.04804311241243432,0.8673469387755102,0.5772495755517827,0.9991212653778558,0.3732764281024294,0.6626009817484813,0.37443193593668833
53,"exploit","TRANSANAL LOCAL EXCISION",0.3000645057248831,16,42,0.0621227297008547,0.0621227297008547,0.87,0.5908319185059423,0.9991525423728813,0.3870650032829941,0.6775975305204069,0.3879194227318413
54,"exploit","HIV",0.050189843379212146,1,4,0.007548081914451827,0.007548081914451827,0.8701622971285893,0.5916808149405772,0.9991554054054054,0.38837820091923836,0.6778478556468286,0.38930850705026665
55,"exploit","HEPATITIS",0.09914727773545098,7,13,0.021882114031456956,0.021882114031456956,0.8712871287128713,0.597623089983022,0.9991645781119465,0.3926460932370322,0.6827106804399771,0.3935201704138774
56,"exploit","ABDOMINOPERINEAL RESECTION",0.07869663016721841,5,8,0.01183523539624183,0.01183523539624183,0.8720787207872078,0.6018675721561969,0.9991701244813278,0.3952724885095207,0.6855649793666895,0.3961065044002931
57,"exploit","SOFT TISSUE SARCOMA",0.06291000841042893,7,5,0.007126524390243902,0.007126524390243902,0.8719512195121951,0.6069609507640068,0.9991735537190083,0.396913985554826,0.6901634075026413,0.39755922837602253
58,"exploit","BRONCHOSCOPY",0.20795349642280178,3,19,0.022744913671243944,0.022744913671243944,0.8724179829890644,0.6095076400679117,0.9991863303498779,0.40315167432698623,0.6913017202816649,0.4033437222148799
59,"exploit","FISH",0.0,1,0,0.0,0.0,0.8725728155339806,0.6103565365025467,0.9991863303498779,0.40315167432698623,0.6925963011129813,0.4033437222148799
60,"exploit","URINE TESTS FOR TUMOR MARKERS",0.15440833558331904,7,26,0.03950682023713827,0.03950682023713827,0.8736462093862816,0.6162988115449916,0.999203187250996,0.41168745896257386,0.6988588729148186,0.41184747603898275
61,"exploit","TRANSABDOMINAL SURGERY",0.08727400451066662,4,9,0.014659305445151035,0.014659305445151035,0.874251497005988,0.6196943972835314,0.9992088607594937,0.41464215364412343,0.7017813076747582,0.4146163352775228
62,"exploit","NEUROSURGEON",0.10610496638473217,14,8,0.012019703223270442,0.012019703223270442,0.8633686690223793,0.6222410865874364,0.9992138364779874,0.41726854891661197,0.7040060907510023,0.41725532077897426
63,"exploit","TNM STAGING",0.04942348008385745,16,4,0.005791814072327045,0.005791814072327045,0.8473988439306358,0.6222410865874364,0.9992163009404389,0.4185817465528562,0.7040060907510023,0.41855192156664073
64,"exploit","BIOPSY",0.3484438586755456,9,25,0.0462776999803459,0.0462776999803459,0.8489702517162472,0.629881154499151,0.9984627209838586,0.42646093237032173,0.7134051327019386,0.4268562100859551
65,"exploit","CLL",0.12545644235785078,12,20,0.03160914270344287,0.03160914270344287,0.8510158013544018,0.6400679117147708,0.9984859954579863,0.433026920551543,0.7193136944137477,0.4333621059873473
66,"exploit","CANCER PROGRESSION",0.3465061655901351,7,45,0.08798008110687024,0.0,0.8521836506159015,0.6460101867572157,0.9787701317715959,0.43893630991464216,0.7287742067359652,0.43968852889835647
67,"exploit","NEUROPATHOLOGIST",0.03271651560926485,4,2,0.0038339666729607248,0.0038339666729607248,0.8528428093645485,0.6494057724957555,0.9788011695906432,0.4395929087327643,0.7326660959056263,0.440332250899578
68,"exploit","DEFICIENT MISMATCH REPAIR",0.015004940968429813,0,1,0.0016997784690799397,0.0016997784690799397,0.8528428093645485,0.6494057724957555,0.9780861943024105,0.4395929087327643,0.7326660959056263,0.440332250899578
69,"exploit","FEVER",0.06041997218467806,5,5,0.009086597379336349,0.009086597379336349,0.8536585365853658,0.6536502546689303,0.9781659388646288,0.4412344057780696,0.7356774034915143,0.4420489955159225
70,"exploit","RISK ASSESSMENT",0.055018341694988405,2,6,0.011927804547155689,0.011927804547155689,0.8539823008849557,0.6553480475382003,0.9782608695652174,0.443204202232436,0.737302294992606,0.4441352164160406
71,"exploit","COLONOSCOPY",0.07136194029850747,39,9,0.015610424440298509,0.015610424440298509,0.8218451749734889,0.6578947368421053,0.978401727861771,0.4461588969139856,0.7400677210933699,0.447207623084744
72,"explore",,0.0,1,0,0.0,,0.8209745762711864,0.6578947368421053,0.978401727861771,0.4461588969139856,0.7400677210933699,0.447207623084744
73,"exploit","UPPER URINARY TRACT CANCER",0.1760279779567613,9,24,0.040912752689169135,0.040912752689169135,0.8226652675760755,0.66553480475382,0.9787685774946921,0.4540380827314511,0.7430575510796539,0.45521126382254884
74,"exploit","COMPLETE BLOOD COUNT AND DIFFERENTIAL",0.0,0,0,0.0,0.0,0.8226652675760755,0.66553480475382,0.9787685774946921,0.4540380827314511,0.7430575510796539,0.45521126382254884
75,"exploit","FOLLOW-UP TESTING",0.20534709533777812,13,29,0.04852929401537334,0.04852929401537334,0.8188405797101449,0.6714770797962648,0.9791955617198336,0.46355876559422193,0.7504414017022081,0.46492966520656653
76,"exploit","CURE",0.0,5,3,0.0,0.0,0.819773429454171,0.6757215619694398,0.9792387543252595,0.4645436638214051,0.7550894504993143,0.46566831254793967
77,"exploit","FDG PET-CT",0.29925334031962264,52,32,0.06429270983429393,0.06429270983429393,0.7908113391984359,0.6867572156196944,0.97968855788761,0.47504924491135914,0.7677819712585254,0.4760540909616734
78,"exploit","LARYNGEAL CANCER",0.076517388945814,12,5,0.007024057188385269,0.007024057188385269,0.7855072463768116,0.6901528013582343,0.979757085020243,0.4766907419566645,0.7705503597868211,0.47758541067723936
79,"exploit","SKIN CANCER",0.15952277184571798,5,14,0.020251914394475917,0.020251914394475917,0.7865384615384615,0.6943972835314092,0.9799465240641712,0.4812869336835194,0.773749781520967,0.48212748137433614
80,"exploit","FATIGUE",0.0,0,0,0.0,0.0,0.7865384615384615,0.6943972835314092,0.9799465240641712,0.4812869336835194,0.773749781520967,0.48212748137433614
81,"exploit","ALKALINE PHOSPHATASE TEST",0.1403742931771865,2,16,0.026868517053445853,0.026868517053445853,0.7869481765834933,0.6960950764006791,0.9801587301587301,0.4865397242284964,0.7748895755137565,0.48751228153818155
82,"exploit","ESOPHAGOSCOPY",0.07530388031790557,2,10,0.017649346949509117,0.017649346949509117,0.7873563218390804,0.6977928692699491,0.9802890932982917,0.489822718319107,0.7753902257665997,0.49086458060855426
83,"exploit","PANENDOSCOPY",0.0,0,0,0.0,0.0,0.7873563218390804,0.6977928692699491,0.9802890932982917,0.489822718319107,0.7753902257665997,0.49086458060855426
84,"exploit","BLUE LIGHT CYSTOSCOPY",0.14501305296284375,3,16,0.022091832287308228,0.022091832287308228,0.7879656160458453,0.700339558573854,0.9804941482444733,0.495075508864084,0.7794406048092023,0.49598185003078255
85,"exploit","LOCAL THERAPIES",0.12037037037037038,6,11,0.011990017361111112,0.011990017361111112,0.7891737891737892,0.7054329371816639,0.9806326662362814,0.49868680236375573,0.7856380032053442,0.4995127064130159
86,"exploit","NEUROLOGICAL EXAM",0.06003315649867373,2,7,0.012194234913793102,0.012194234913793102,0.7895734597156399,0.7071307300509337,0.980719794344473,0.5009848982271832,0.7867015146891945,0.5018650845369678
87,"exploit","OPEN MRI",0.13652758673391407,1,15,0.023998989855570835,0.023998989855570835,0.7897727272727273,0.7079796264855688,0.9809038828771484,0.5059093893630991,0.7869518398156161,0.5067741897084453
88,"exploit","RET MUTATIONS",0.0,0,0,0.0,0.0,0.7897727272727273,0.7079796264855688,0.9809038828771484,0.5059093893630991,0.7869518398156161,0.5067741897084453
89,"exploit","TRANSABDOMINAL ULTRASOUND",0.24759945130315492,7,31,0.05464597265089161,0.05464597265089161,0.7911571025399812,0.7139219015280136,0.9812734082397003,0.5160866710439921,0.7922538444903267,0.5172538251707212
90,"exploit","ABDOMINAL SURGERY",0.0,0,0,0.0,0.0,0.7911571025399812,0.7139219015280136,0.9812734082397003,0.5160866710439921,0.7922538444903267,0.5172538251707212
91,"exploit","CYSTOSCOPY AND IMAGING",0.0,0,0,0.0,0.0,0.7911571025399812,0.7139219015280136,0.9812734082397003,0.5160866710439921,0.7922538444903267,0.5172538251707212
92,"exploit","FIBEROPTIC LARYNGOSCOPY",0.054457199546485265,2,6,0.010210724914965988,0.010210724914965988,0.7915492957746478,0.7156196943972836,0.9813432835820896,0.5180564674983585,0.7934913985916595,0.5192115458515342
93,"exploit","ENDOCRINE THERAPY",0.23661246612466122,4,11,0.023106686144986448,0.023106686144986448,0.7923292797006548,0.7190152801358234,0.9814700432365658,0.5216677609980302,0.7971929517924145,0.5228477052638395
94,"explore",,0.008725253276326797,1,1,0.00197681519541779,,0.7925233644859813,0.7198641765704584,0.9814814814814815,0.5219960604070912,0.797443276918836,0.5231529314379606
95,"exploit","ENDOCRINE THERAPY",0.008216745648461268,0,1,0.001909751430013459,0.001909751430013459,0.7925233644859813,0.7198641765704584,0.9814929056138186,0.5223243598161523,0.797443276918836,0.5235056202821575
96,"exploit","PSA TEST",0.051835146047797466,0,2,0.0037458992261103635,0.0037458992261103635,0.7925233644859813,0.7198641765704584,0.9802834257547751,0.5223243598161523,0.797443276918836,0.5235056202821575
97,"exploit","RADIATION THERAPY",0.31047106325706597,0,8,0.015159719885598924,0.015159719885598924,0.7925233644859813,0.7198641765704584,0.9791538933169834,0.5242941562705187,0.797443276918836,0.5256196167641207
98,"exploit","CHRONIC HEPATITIS",0.0,0,0,0.0,0.0,0.7925233644859813,0.7198641765704584,0.9791538933169834,0.5242941562705187,0.797443276918836,0.5256196167641207
99,"exploit","PET/CT SCAN",0.20990217641072778,2,19,0.03361714544078062,0.03361714544078062,0.792910447761194,0.7215619694397284,0.9787878787878788,0.5302035456336178,0.7997250867250636,0.5317253611512405
100,"exploit","PET-CT",0.12205722184986596,1,19,0.03051430546246649,0.03051430546246649,0.7931034482758621,0.7224108658743633,0.975434391851408,0.5344714379514117,0.7999754118514852,0.5360082948265085
