turn,mode,novelty,nodes_added_to_graph,edges_added_to_graph,total_nodes_in_graph,total_edges_in_graph,native_node_precision,native_node_recall,native_edge_precision,native_edge_recall,native_degree_weighted_node_coverage,evaluation_node_precision,evaluation_node_recall,evaluation_edge_pair_precision,evaluation_edge_pair_recall,evaluation_node_tsc_rank,evaluation_edge_tsc_rank,evaluation_node_autc_rank
1,seed,0.0,62.0,63.0,62.0,63.0,1.0,0.05263157894736842,1.0,0.02068286277084701,0.217725052337753,1.0,0.05263157894736842,1.0,0.02068286277084701,0.07789925376450461,0.021243894331919384,0.12092311620260184
2,explore,0.8775510204081632,23.0,28.0,85.0,91.0,1.0,0.07215619694397284,1.0,0.029875246224556794,0.244417306350314,1.0,0.07215619694397284,1.0,0.029875246224556794,0.10093805267788612,0.030718725228988265,0.1487673626868815
3,exploit,0.5769230769230769,14.0,31.0,99.0,122.0,0.98989898989899,0.0831918505942275,0.9508196721311475,0.03808273145108339,0.3058269364968597,0.98989898989899,0.0831918505942275,0.9508196721311475,0.03808273145108339,0.11583461952061974,0.03954388221444027,0.1779940052571105
4,explore,0.896551724137931,21.0,10.0,120.0,132.0,0.9916666666666667,0.10101867572156197,0.9545454545454546,0.04136572554169402,0.3599092812281926,0.9916666666666667,0.10101867572156197,0.9545454545454546,0.04136572554169402,0.14339482345413093,0.04300667315984477,0.2190413035906722
5,exploit,0.01923076923076925,1.0,0.0,121.0,132.0,0.9917355371900827,0.10186757215619695,0.9545454545454546,0.04136572554169402,0.36025819958129796,0.9917355371900827,0.10186757215619695,0.9545454545454546,0.04136572554169402,0.14403248598031138,0.04300667315984477,0.21950624536616192
6,explore,0.5,9.0,2.0,130.0,134.0,0.9923076923076922,0.10950764006791172,0.9552238805970148,0.04202232435981615,0.3633984647592463,0.9923076923076923,0.10950764006791172,0.9552238805970149,0.04202232435981615,0.149705534703357,0.043715713562328215,0.2235726532018713
7,exploit,0.38181818181818183,9.0,14.0,139.0,148.0,0.9928057553956835,0.11714770797962648,0.9594594594594593,0.046618516086671044,0.369155617585485,0.9928057553956835,0.11714770797962648,0.9594594594594594,0.046618516086671044,0.1578870189387989,0.0484719004205711,0.2315207809026478
8,exploit,0.6071428571428571,4.0,31.0,143.0,179.0,0.993006993006993,0.12054329371816638,0.8491620111731844,0.049901510177281685,0.3702023726448011,0.993006993006993,0.12054329371816638,0.8491620111731844,0.04990151017728168,0.15952746318443156,0.05199329479140684,0.23256409279945262
9,exploit,0.1470588235294118,1.0,4.0,144.0,183.0,0.9930555555555556,0.12139219015280135,0.8524590163934426,0.051214707813525925,0.37055129099790646,0.9930555555555556,0.12139219015280135,0.8524590163934426,0.05121470781352593,0.160165125710612,0.053361623729991974,0.23305689049420703
10,exploit,0.05555555555555558,1.0,2.0,145.0,185.0,0.993103448275862,0.12224108658743633,0.854054054054054,0.051871306631648066,0.3707257501744592,0.993103448275862,0.12224108658743633,0.8540540540540541,0.051871306631648066,0.16041545083703362,0.05406517006134123,0.2331150210689149
11,exploit,0.6703296703296704,10.0,53.0,155.0,238.0,0.9870967741935484,0.1298811544991511,0.7436974789915967,0.058108995403808275,0.37630844382414513,0.9870967741935484,0.1298811544991511,0.7436974789915967,0.058108995403808275,0.16898353186535148,0.06053657540505793,0.24064736914576842
12,explore,0.7727272727272727,4.0,49.0,159.0,287.0,0.9874213836477987,0.133276740237691,0.6829268292682927,0.06434668417596848,0.3832868108862526,0.9874213836477987,0.133276740237691,0.6829268292682927,0.06434668417596848,0.17460844114100832,0.06715738896100693,0.24727439976930576
13,exploit,0.7525773195876289,38.0,61.0,197.0,348.0,0.9847715736040609,0.16468590831918506,0.7385057471264368,0.08437294812869336,0.4181786461967899,0.9847715736040609,0.16468590831918506,0.7385057471264368,0.08437294812869336,0.2075684098577735,0.08832833423731135,0.28311969992220104
14,exploit,0.7692307692307693,25.0,5.0,222.0,353.0,0.9459459459459459,0.1782682512733446,0.7422096317280453,0.08601444517399867,0.43824145150034893,0.9459459459459459,0.17826825127334464,0.7422096317280453,0.08601444517399869,0.22740704643012635,0.09009452549386342,0.3050838727915491
15,exploit,0.7166666666666667,15.0,33.0,237.0,386.0,0.9451476793248945,0.19015280135823429,0.7642487046632125,0.09684832567301377,0.45062805303558967,0.9451476793248945,0.19015280135823429,0.7642487046632125,0.09684832567301378,0.24272353737546656,0.10138423122225666,0.3208847390137287
16,exploit,0.5833333333333334,49.0,17.0,286.0,403.0,0.8146853146853147,0.19779286926994907,0.7741935483870968,0.10242941562705185,0.46563154221912073,0.8146853146853147,0.19779286926994907,0.7741935483870968,0.10242941562705186,0.2523292086467331,0.10702282694988371,0.3334385911401963
17,exploit,0.22058823529411764,3.0,18.0,289.0,421.0,0.8166089965397922,0.200339558573854,0.7600950118764845,0.10505581089954039,0.4666782972784368,0.8166089965397924,0.200339558573854,0.7600950118764845,0.10505581089954039,0.25437994910549455,0.10984403247728557,0.33484300923529564
18,exploit,0.546875,18.0,25.0,307.0,446.0,0.8241042345276874,0.21477079796264856,0.7735426008968609,0.11326329612606698,0.48639218422889047,0.8241042345276873,0.21477079796264856,0.773542600896861,0.11326329612606698,0.27201676141497355,0.11820570351733455,0.3572536943944625
19,exploit,0.12359550561797751,3.0,15.0,310.0,461.0,0.8258064516129032,0.21731748726655348,0.7613882863340564,0.11523309258043335,0.48831123517096997,0.8258064516129032,0.21731748726655348,0.7613882863340564,0.11523309258043335,0.27488068823116374,0.12021668616553181,0.35937224673990564
20,explore,0.7924528301886793,18.0,28.0,328.0,489.0,0.826219512195122,0.2300509337860781,0.7750511247443764,0.12442547603414314,0.5143056524773203,0.8262195121951219,0.2300509337860781,0.7750511247443763,0.12442547603414314,0.2904245454895554,0.12987114266607097,0.38089153047011837
21,exploit,0.7105263157894737,20.0,7.0,348.0,496.0,0.8074712643678161,0.23853989813242785,0.7782258064516128,0.12672357189757058,0.5280879274249826,0.8074712643678161,0.23853989813242785,0.7782258064516129,0.12672357189757058,0.302826748350668,0.1323369123137087,0.39501630312397445
22,exploit,0.8548387096774194,18.0,39.0,366.0,535.0,0.8169398907103826,0.2538200339558574,0.7943925233644858,0.13952724885095208,0.5399511514305653,0.8169398907103825,0.2538200339558574,0.794392523364486,0.13952724885095208,0.31925563083413006,0.14533939471818275,0.40937932199694427
23,exploit,0.43137254901960786,6.0,16.0,372.0,551.0,0.8198924731182796,0.25891341256366723,0.8003629764065336,0.1447800393959291,0.5437892533147244,0.8198924731182796,0.25891341256366723,0.8003629764065335,0.1447800393959291,0.32517159861476824,0.15098272145150873,0.4150473150316605
24,exploit,0.10638297872340424,0.0,11.0,372.0,562.0,0.8198924731182796,0.25891341256366723,0.7953736654804271,0.14674983585029547,0.5437892533147244,0.8198924731182796,0.25891341256366723,0.7953736654804271,0.14674983585029547,0.32517159861476824,0.15309152908851179,0.4150473150316605
25,exploit,0.573170731707317,29.0,40.0,401.0,602.0,0.8329177057356608,0.2835314091680815,0.8089700996677742,0.159881812212738,0.5636775994417307,0.8329177057356608,0.2835314091680815,0.8089700996677741,0.159881812212738,0.3531243241962184,0.1666724150929454,0.43988535948682533
26,exploit,0.8181818181818182,2.0,7.0,403.0,609.0,0.8337468982630273,0.28522920203735147,0.8111658456486043,0.16217990807616547,0.5647243545010467,0.8337468982630273,0.28522920203735147,0.8111658456486043,0.16217990807616547,0.3548514194471509,0.1689602378810705,0.4411118204013501
27,exploit,0.12195121951219512,4.0,1.0,407.0,610.0,0.8353808353808354,0.28862478777589134,0.8114754098360656,0.16250820748522654,0.5657711095603629,0.8353808353808354,0.28862478777589134,0.8114754098360656,0.1625082074852265,0.35732652764981643,0.16931353717761574,0.4429559854848434
28,exploit,0.061224489795918366,2.0,1.0,409.0,611.0,0.8361858190709046,0.2903225806451613,0.8117839607201308,0.16283650689428758,0.5661200279134683,0.8361858190709046,0.2903225806451613,0.8117839607201309,0.16283650689428758,0.3578271779026596,0.1696430288325795,0.4433431356184402
29,explore,0.52,21.0,29.0,430.0,640.0,0.8441860465116278,0.3081494057724958,0.8203125,0.17235718975705844,0.5809490579204466,0.8441860465116279,0.3081494057724958,0.8203125,0.17235718975705844,0.3764349258356256,0.17841461862447322,0.46159204023148737
30,exploit,0.7014925373134329,31.0,66.0,461.0,706.0,0.8546637744034707,0.33446519524617996,0.8371104815864022,0.19402495075508863,0.5978715980460573,0.8546637744034707,0.33446519524617996,0.8371104815864022,0.19402495075508863,0.4040432692165256,0.20027903776838094,0.4846661546129721
31,exploit,0.2857142857142857,7.0,13.0,468.0,719.0,0.8547008547008547,0.3395585738539898,0.8400556328233658,0.19829284307288247,0.5997906489881367,0.8547008547008547,0.3395585738539898,0.8400556328233658,0.19829284307288247,0.40810105432795724,0.20434175075902059,0.4874747886141431
32,exploit,0.2647058823529412,5.0,7.0,473.0,726.0,0.8562367864693446,0.3438030560271647,0.8415977961432507,0.20059093893630991,0.6018841591067691,0.8562367864693446,0.3438030560271647,0.8415977961432507,0.20059093893630991,0.41198998107008683,0.2066924501390147,0.4900408172351892
33,exploit,0.8163265306122449,18.0,27.0,491.0,753.0,0.8615071283095723,0.3590831918505943,0.8472775564409031,0.20945502298095864,0.6161898115840894,0.8615071283095723,0.35908319185059423,0.8472775564409031,0.20945502298095864,0.4298571221201488,0.21605968880970583,0.5062830878421678
34,explore,0.6,12.0,0.0,503.0,753.0,0.8648111332007953,0.3692699490662139,0.8472775564409031,0.20945502298095864,0.6238660153524075,0.8648111332007953,0.3692699490662139,0.8472775564409031,0.20945502298095864,0.44115582072573406,0.21605968880970583,0.5169056887137021
35,explore,0.17948717948717943,5.0,17.0,508.0,770.0,0.8661417322834646,0.3735144312393889,0.8506493506493507,0.21503611293499675,0.6263084438241452,0.8661417322834646,0.3735144312393888,0.8506493506493507,0.21503611293499672,0.44540320119918936,0.22157497316298802,0.5205534839773494
36,explore,0.14925373134328357,1.0,9.0,509.0,779.0,0.8664047151277013,0.37436332767402375,0.8523748395378691,0.2179908076165463,0.6264829030006979,0.8664047151277013,0.37436332767402375,0.8523748395378691,0.2179908076165463,0.44565352632561095,0.22460052761396396,0.5205813071340719
37,exploit,0.40322580645161293,7.0,23.0,516.0,802.0,0.8682170542635659,0.38030560271646857,0.8566084788029926,0.22554169402495072,0.6311933007676204,0.8682170542635659,0.38030560271646857,0.8566084788029925,0.22554169402495075,0.45222715301826805,0.2326934470076995,0.5264067537246445
38,exploit,0.7142857142857143,11.0,58.0,527.0,860.0,0.8709677419354839,0.3896434634974533,0.8662790697674418,0.24458305975049244,0.6418353105373342,0.8709677419354839,0.3896434634974533,0.8662790697674418,0.24458305975049244,0.4648174700276382,0.2517296404222007,0.5386927979608903
39,exploit,0.4,9.0,15.0,536.0,875.0,0.8731343283582089,0.3972835314091681,0.8685714285714287,0.24950755088640839,0.6446266573621773,0.8731343283582089,0.39728353140916806,0.8685714285714285,0.2495075508864084,0.4701113280266367,0.2570161577579791,0.5426748507719341
40,explore,0.6111111111111112,10.0,16.0,546.0,891.0,0.8754578754578755,0.4057724957555178,0.8709315375982043,0.25476034143138543,0.6547452896022331,0.8754578754578755,0.4057724957555178,0.8709315375982043,0.25476034143138543,0.480922707303271,0.26211206134801884,0.5538560435340404
41,exploit,0.19791666666666663,7.0,12.0,553.0,903.0,0.8770343580470162,0.4117147707979626,0.8726467331118494,0.2586999343401182,0.6566643405443127,0.8770343580470162,0.41171477079796265,0.8726467331118494,0.2586999343401182,0.4851930465900963,0.26591426379904604,0.5572271612541032
42,exploit,0.25301204819277107,7.0,14.0,560.0,917.0,0.8785714285714286,0.41765704584040747,0.8745910577971646,0.26329612606697306,0.6596301465457083,0.8785714285714286,0.41765704584040747,0.8745910577971646,0.26329612606697306,0.49088609169898045,0.2707884205735869,0.5623842886765044
43,exploit,0.06451612903225805,0.0,7.0,560.0,924.0,0.8785714285714286,0.41765704584040747,0.8733766233766234,0.2649376231122784,0.6596301465457083,0.8785714285714286,0.41765704584040747,0.8733766233766234,0.2649376231122784,0.49088609169898045,0.2723157723488891,0.5623842886765044
44,exploit,0.39393939393939387,14.0,19.0,574.0,943.0,0.8815331010452961,0.4295415959252971,0.8759278897136799,0.2711753118844386,0.6667829727843685,0.8815331010452961,0.4295415959252971,0.8759278897136797,0.2711753118844386,0.5023025467989478,0.2784850037802259,0.5724195806520448
45,exploit,0.38095238095238093,8.0,0.0,582.0,943.0,0.8831615120274914,0.4363327674023769,0.8759278897136799,0.2711753118844386,0.6741102581995813,0.8831615120274914,0.4363327674023769,0.8759278897136797,0.2711753118844386,0.5107417622296402,0.2784850037802259,0.5809583779451072
46,exploit,0.34523809523809523,9.0,26.0,591.0,969.0,0.8849407783417935,0.4439728353140917,0.8792569659442725,0.27971109652002624,0.6812630844382415,0.8849407783417935,0.4439728353140917,0.8792569659442725,0.27971109652002624,0.519377979091185,0.28752488737917214,0.5900296907036063
47,explore,0.040000000000000036,1.0,0.0,592.0,969.0,0.8851351351351352,0.44482173174872663,0.8792569659442725,0.27971109652002624,0.6814375436147941,0.8851351351351351,0.44482173174872663,0.8792569659442725,0.27971109652002624,0.5196283042176066,0.28752488737917214,0.5901552230287189
48,exploit,0.23255813953488372,7.0,17.0,599.0,986.0,0.8864774624373957,0.4507640067911714,0.8813387423935092,0.28529218647406435,0.6873691556175855,0.8864774624373957,0.45076400679117146,0.8813387423935092,0.28529218647406435,0.5265648282828866,0.2930922127951421,0.5977498905696301
49,exploit,0.05617977528089891,1.0,4.0,600.0,990.0,0.8866666666666667,0.4516129032258064,0.8818181818181818,0.2866053841103086,0.6877180739706908,0.8866666666666667,0.45161290322580644,0.8818181818181818,0.2866053841103086,0.5272024908090671,0.2943386038771658,0.5981374984309443
50,exploit,0.21052631578947367,5.0,12.0,605.0,1002.0,0.8876033057851239,0.45585738539898135,0.8832335329341318,0.29054497701904136,0.689811584089323,0.8876033057851239,0.45585738539898135,0.8832335329341318,0.29054497701904136,0.53130397172659,0.298115472555741,0.6017036859855165
51,exploit,0.46153846153846156,6.0,12.0,611.0,1014.0,0.8887070376432079,0.4609507640067912,0.8846153846153846,0.2944845699277741,0.6945219818562456,0.8887070376432079,0.4609507640067912,0.8846153846153846,0.2944845699277741,0.5362090111120642,0.30187753776487125,0.6075193183036535
52,exploit,0.01612903225806453,1.0,0.0,612.0,1014.0,0.8888888888888888,0.4617996604414261,0.8846153846153846,0.2944845699277741,0.6946964410327984,0.8888888888888888,0.4617996604414261,0.8846153846153846,0.2944845699277741,0.5364593362384857,0.30187753776487125,0.6075985357050969
53,exploit,0.08333333333333334,5.0,2.0,617.0,1016.0,0.8897893030794165,0.466044142614601,0.8848425196850394,0.29514116874589624,0.6966154919748778,0.8897893030794165,0.46604414261460103,0.8848425196850394,0.29514116874589624,0.539555813615908,0.30243427030646824,0.6100600265522278
54,exploit,0.36363636363636365,4.0,12.0,621.0,1028.0,0.8904991948470209,0.4694397283531409,0.8861867704280155,0.29908076165462905,0.7011514305652478,0.8904991948470209,0.4694397283531409,0.8861867704280155,0.29908076165462905,0.5436869188087472,0.30651575470681636,0.6149840443817322
55,exploit,0.12244897959183676,4.0,4.0,625.0,1032.0,0.8912,0.47283531409168084,0.8866279069767442,0.30039395929087326,0.702721563154222,0.8912,0.47283531409168084,0.8866279069767442,0.30039395929087326,0.5465589923006495,0.30762265742726674,0.6173030616611676
56,exploit,0.08695652173913043,2.0,0.0,627.0,1032.0,0.8915470494417863,0.47453310696095075,0.8866279069767442,0.30039395929087326,0.7030704815073272,0.8915470494417863,0.47453310696095075,0.8866279069767442,0.30039395929087326,0.5470596425534927,0.30762265742726674,0.6176157679191795
57,exploit,0.3442622950819672,3.0,18.0,630.0,1050.0,0.8920634920634921,0.4770797962648557,0.8885714285714286,0.3063033486539724,0.7046406140963015,0.8920634920634921,0.4770797962648557,0.8885714285714286,0.3063033486539724,0.5503842268508492,0.31340409900438265,0.6203944138008092
58,exploit,0.04081632653061226,1.0,3.0,631.0,1053.0,0.8922345483359746,0.4779286926994907,0.8888888888888888,0.30728824688115564,0.7048150732728541,0.8922345483359746,0.4779286926994907,0.8888888888888888,0.30728824688115564,0.5506345519772708,0.3143135203901766,0.6205895311038514
59,exploit,0.0,0.0,0.0,631.0,1053.0,0.8922345483359746,0.4779286926994907,0.8888888888888888,0.30728824688115564,0.7048150732728541,0.8922345483359746,0.4779286926994907,0.8888888888888888,0.30728824688115564,0.5506345519772708,0.3143135203901766,0.6205895311038514
60,exploit,0.2773109243697479,11.0,22.0,642.0,1075.0,0.8940809968847351,0.4872665534804754,0.8911627906976745,0.314510833880499,0.7107466852756456,0.8940809968847352,0.4872665534804754,0.8911627906976745,0.314510833880499,0.5584412891299632,0.3219905691216718,0.6279834249688965
61,exploit,0.7586206896551724,14.0,33.0,656.0,1108.0,0.8963414634146342,0.499151103565365,0.894404332129964,0.3253447143795141,0.7215631542219121,0.8963414634146342,0.499151103565365,0.894404332129964,0.3253447143795141,0.5733067504836148,0.3325022533322301,0.6422736098796004
62,explore,0.1304347826086957,2.0,2.0,658.0,1110.0,0.8966565349544073,0.5008488964346349,0.8945945945945946,0.32600131319763626,0.7220865317515701,0.8966565349544073,0.5008488964346349,0.8945945945945946,0.32600131319763626,0.5741947381362169,0.33298359500881913,0.6430772068327115
63,exploit,0.6307692307692307,12.0,29.0,670.0,1139.0,0.8985074626865671,0.5110356536502547,0.897278314310799,0.3355219960604071,0.7315073272854152,0.8985074626865671,0.5110356536502547,0.897278314310799,0.3355219960604071,0.5878152393197066,0.3425190133014509,0.6564721085938919
64,explore,0.09756097560975611,1.0,4.0,671.0,1143.0,0.8986587183308494,0.5118845500848896,0.8976377952755905,0.3368351936966513,0.7316817864619679,0.8986587183308494,0.5118845500848896,0.8976377952755905,0.3368351936966513,0.5880655644461281,0.34380996740489633,0.6566068772712712
65,exploit,0.37333333333333335,10.0,18.0,681.0,1161.0,0.9001468428781204,0.5203735144312394,0.8992248062015504,0.3427445830597505,0.7412770411723657,0.9001468428781204,0.5203735144312394,0.8992248062015504,0.3427445830597505,0.599645693667217,0.3497058687973076,0.6688362540599821
66,exploit,0.6808510638297872,9.0,24.0,690.0,1185.0,0.9014492753623189,0.5280135823429541,0.90126582278481,0.350623768877216,0.7463363572923936,0.9014492753623189,0.5280135823429541,0.9012658227848102,0.350623768877216,0.608892911207158,0.357262505803112,0.6763520712248359
67,exploit,0.5384615384615384,9.0,26.0,699.0,1211.0,0.9027181688125894,0.5356536502546689,0.9033856317093312,0.35915955351280365,0.7533147243545011,0.9027181688125894,0.5356536502546689,0.9033856317093312,0.35915955351280365,0.6166315125266233,0.36598281759775353,0.6833887881391228
68,explore,0.1509433962264151,0.0,8.0,699.0,1219.0,0.9027181688125894,0.5356536502546689,0.904019688269073,0.3617859487852922,0.7533147243545011,0.9027181688125894,0.5356536502546689,0.904019688269073,0.3617859487852922,0.6166315125266233,0.36879395066140946,0.6833887881391228
69,explore,0.2692307692307692,7.0,0.0,706.0,1219.0,0.8994334277620396,0.5390492359932089,0.904019688269073,0.3617859487852922,0.7545359385903698,0.8994334277620396,0.5390492359932089,0.904019688269073,0.3617859487852922,0.6187289112190079,0.36879395066140946,0.6848850291745511
70,exploit,0.1724137931034483,3.0,5.0,709.0,1224.0,0.8998589562764459,0.5415959252971138,0.9044117647058824,0.3634274458305975,0.7576762037683182,0.8998589562764457,0.5415959252971138,0.9044117647058824,0.3634274458305975,0.622719301104095,0.37035289334573324,0.6886686092096829
71,exploit,0.06593406593406595,5.0,1.0,714.0,1225.0,0.8935574229691877,0.5415959252971138,0.9044897959183673,0.3637557452396586,0.7576762037683182,0.8935574229691877,0.5415959252971138,0.9044897959183673,0.3637557452396586,0.622719301104095,0.370704971737582,0.6886686092096829
72,explore,0.22580645161290325,0.0,14.0,714.0,1239.0,0.8935574229691877,0.5415959252971138,0.9055690072639225,0.36835193696651347,0.7576762037683182,0.8935574229691877,0.5415959252971138,0.9055690072639225,0.36835193696651347,0.622719301104095,0.37563315354494214,0.6886686092096829
73,exploit,0.1475409836065574,4.0,7.0,718.0,1246.0,0.8941504178272982,0.5449915110356537,0.9060995184590691,0.3706500328299409,0.7599441730635031,0.8941504178272981,0.5449915110356537,0.906099518459069,0.3706500328299409,0.6269333542678195,0.37809129253822676,0.6922297986113436
74,exploit,0.2909090909090909,2.0,16.0,720.0,1262.0,0.8930555555555556,0.5458404074702886,0.9001584786053882,0.37294812869336835,0.7601186322400558,0.8930555555555556,0.5458404074702886,0.9001584786053882,0.37294812869336835,0.6271836793942411,0.37976896820428374,0.6922583664140619
75,exploit,0.07692307692307696,2.0,4.0,722.0,1266.0,0.8933518005540166,0.5475382003395586,0.9004739336492891,0.3742613263296126,0.7608164689462665,0.8933518005540166,0.5475382003395586,0.9004739336492891,0.3742613263296126,0.628459004446602,0.3808531315747623,0.6931713031341825
76,exploit,0.01612903225806453,0.0,1.0,722.0,1267.0,0.8933518005540166,0.5475382003395586,0.9005524861878453,0.37458962573867366,0.7608164689462665,0.8933518005540166,0.5475382003395586,0.9005524861878453,0.37458962573867366,0.628459004446602,0.3812064308713075,0.6931713031341825
77,exploit,0.06666666666666667,2.0,6.0,724.0,1273.0,0.893646408839779,0.5492359932088285,0.9010212097407698,0.3765594221930401,0.7613398464759247,0.893646408839779,0.5492359932088285,0.9010212097407698,0.37655942219304006,0.6296965585479347,0.38302908897007193,0.6941209464500677
78,exploit,0.4537037037037037,6.0,43.0,730.0,1316.0,0.8945205479452055,0.5543293718166383,0.9042553191489362,0.3906762967826658,0.7648290300069783,0.8945205479452055,0.5543293718166383,0.9042553191489362,0.3906762967826658,0.6349415364926617,0.39706567765246836,0.6983637387004766
79,exploit,0.0,0.0,0.0,730.0,1316.0,0.8945205479452055,0.5543293718166383,0.9042553191489362,0.3906762967826658,0.7648290300069783,0.8945205479452055,0.5543293718166383,0.9042553191489362,0.3906762967826658,0.6349415364926617,0.39706567765246836,0.6983637387004766
80,exploit,0.4117647058823529,14.0,0.0,744.0,1316.0,0.8965053763440861,0.566213921901528,0.9042553191489362,0.3906762967826658,0.7779134682484299,0.896505376344086,0.566213921901528,0.9042553191489362,0.3906762967826658,0.6502943171752643,0.39706567765246836,0.7125963137349638
81,exploit,0.2782608695652174,11.0,29.0,755.0,1345.0,0.8980132450331125,0.5755517826825127,0.9040892193308551,0.3992120814182535,0.7847173761339846,0.8980132450331125,0.5755517826825127,0.9040892193308551,0.39921208141825343,0.6597059494432099,0.40554928654907896,0.7207513889913071
82,exploit,0.5520833333333334,15.0,44.0,770.0,1389.0,0.9,0.5882852292020373,0.9071274298056156,0.41365725541694026,0.7923935799023029,0.9,0.5882852292020373,0.9071274298056156,0.41365725541694026,0.6734123610251167,0.4196118194562749,0.7321104434026929
83,exploit,0.13888888888888895,4.0,6.0,774.0,1395.0,0.900516795865633,0.5916808149405772,0.9075268817204301,0.4156270518713066,0.7943126308443824,0.900516795865633,0.5916808149405772,0.9075268817204301,0.4156270518713066,0.6756852835487493,0.42152833460358163,0.7348007079635788
84,exploit,0.5849056603773586,29.0,2.0,803.0,1397.0,0.8742216687422167,0.5959252971137521,0.9076592698639943,0.41628365068942874,0.796231681786462,0.8742216687422167,0.5959252971137521,0.9076592698639943,0.41628365068942874,0.6791002218858203,0.4222361541013686,0.7375230132819428
85,exploit,0.05405405405405404,0.0,2.0,803.0,1399.0,0.8742216687422167,0.5959252971137521,0.9077912794853467,0.4169402495075509,0.796231681786462,0.8742216687422167,0.5959252971137521,0.9077912794853467,0.4169402495075509,0.6791002218858203,0.42288842243546554,0.7375230132819428
86,exploit,0.14492753623188406,3.0,10.0,806.0,1409.0,0.8746898263027295,0.5984719864176571,0.9084457061745919,0.42022324359816154,0.7971039776692254,0.8746898263027295,0.5984719864176571,0.9084457061745919,0.42022324359816154,0.6804903410050314,0.42636098061844196,0.7384695538621034
87,exploit,0.33333333333333326,1.0,19.0,807.0,1428.0,0.8748451053283766,0.599320882852292,0.9096638655462185,0.42646093237032173,0.7974528960223308,0.8748451053283767,0.599320882852292,0.9096638655462185,0.42646093237032173,0.6811280035312118,0.4325796586899862,0.73882480827677
88,explore,0.6229508196721312,28.0,13.0,835.0,1441.0,0.8550898203592814,0.6061120543293718,0.9104788341429563,0.4307288246881156,0.8014654570830426,0.8550898203592814,0.6061120543293718,0.9104788341429563,0.4307288246881156,0.6880193505766349,0.43678521753011473,0.7444000091676094
89,exploit,0.07547169811320754,1.0,3.0,836.0,1444.0,0.8552631578947368,0.6069609507640068,0.9106648199445984,0.43171372291529875,0.8016399162595953,0.8552631578947368,0.6069609507640068,0.9106648199445984,0.43171372291529875,0.6882696757030564,0.4378335168251338,0.7446493994823454
90,exploit,0.3888888888888889,2.0,12.0,838.0,1456.0,0.8556085918854416,0.6086587436332768,0.9114010989010989,0.43565331582403144,0.8039078855547802,0.8556085918854416,0.6086587436332768,0.9114010989010989,0.4356533158240315,0.6905300079096798,0.441809392969236,0.7474649856669092
91,exploit,0.3846153846153847,2.0,14.0,840.0,1470.0,0.8559523809523809,0.6103565365025467,0.9122448979591836,0.4402495075508865,0.8047801814375436,0.8559523809523809,0.6103565365025467,0.9122448979591836,0.44024950755088643,0.691980856793289,0.4465742787734413,0.7484279085392234
92,exploit,0.34375,8.0,15.0,848.0,1485.0,0.8573113207547169,0.6171477079796265,0.9131313131313131,0.44517399868680235,0.8082693649685972,0.8573113207547169,0.6171477079796265,0.9131313131313131,0.44517399868680235,0.6985729986580188,0.4516652987446952,0.7543172344775894
93,exploit,0.39344262295081966,6.0,18.0,854.0,1503.0,0.8571428571428571,0.6213921901528013,0.9141716566866268,0.45108338804990145,0.810188415910677,0.8571428571428571,0.6213921901528013,0.9141716566866267,0.4510833880499015,0.7021982693498345,0.4567946246008014,0.7576244598622961
94,exploit,0.05084745762711863,3.0,0.0,857.0,1503.0,0.855309218203034,0.6222410865874364,0.9141716566866268,0.45108338804990145,0.8103628750872296,0.8553092182030338,0.6222410865874364,0.9141716566866267,0.4510833880499015,0.7024485944762561,0.4567946246008014,0.7576597590372165
95,exploit,0.0,0.0,0.0,857.0,1503.0,0.855309218203034,0.6222410865874364,0.9141716566866268,0.45108338804990145,0.8103628750872296,0.8553092182030338,0.6222410865874364,0.9141716566866267,0.4510833880499015,0.7024485944762561,0.4567946246008014,0.7576597590372165
96,exploit,0.0,0.0,0.0,857.0,1503.0,0.855309218203034,0.6222410865874364,0.9141716566866268,0.45108338804990145,0.8103628750872296,0.8553092182030338,0.6222410865874364,0.9141716566866267,0.4510833880499015,0.7024485944762561,0.4567946246008014,0.7576597590372165
97,exploit,0.05555555555555558,1.0,3.0,858.0,1506.0,0.8554778554778555,0.6230899830220713,0.9143426294820717,0.4520682862770847,0.8105373342637823,0.8554778554778555,0.6230899830220713,0.9143426294820717,0.4520682862770847,0.7026989196026777,0.4578076702727095,0.7578193710562008
98,exploit,0.25619834710743805,9.0,22.0,867.0,1528.0,0.8569780853517878,0.6307300509337861,0.9155759162303664,0.4592908732764281,0.8182135380321004,0.8569780853517878,0.6307300509337861,0.9155759162303665,0.4592908732764281,0.7130437165430826,0.46486999348952474,0.7677641589434161
99,exploit,0.11594202898550725,0.0,8.0,867.0,1536.0,0.8569780853517878,0.6307300509337861,0.916015625,0.4619172685489166,0.8182135380321004,0.8569780853517878,0.6307300509337861,0.916015625,0.4619172685489166,0.7130437165430826,0.46766433911360383,0.7677641589434161
100,exploit,0.0731707317073171,0.0,3.0,867.0,1539.0,0.8569780853517878,0.6307300509337861,0.9161793372319686,0.46290216677609985,0.8182135380321004,0.8569780853517878,0.6307300509337861,0.9161793372319688,0.4629021667760998,0.7130437165430826,0.4687242370032394,0.7677641589434161
