turn,evaluation_node_recall,evaluation_node_recall_std,evaluation_edge_pair_recall,evaluation_edge_pair_recall_std,evaluation_node_tsc_rank,evaluation_node_tsc_rank_std,evaluation_node_tsc_raw,evaluation_node_tsc_raw_std,evaluation_edge_tsc_rank,evaluation_edge_tsc_rank_std,evaluation_edge_tsc_raw,evaluation_edge_tsc_raw_std,evaluation_node_autc_rank,evaluation_node_autc_rank_std
1,0.04074702886247878,0.0,0.010833880499015102,0.0,0.061199309161899446,4.8074067159589095e-17,0.12239262576549606,1.2515682248423183e-16,0.010820878324943143,2.119867103594834e-17,0.008239084518520479,7.56148432677051e-18,0.09319814935395038,0.0
2,0.05404640633842671,0.011079101273600392,0.015211205953162618,0.00394414998707378,0.07959302170570628,0.014941864341499774,0.15091816325877902,0.02309182215321824,0.015162873264903624,0.003850641606063964,0.011925710363273966,0.003884930370925913,0.11768665396677494,0.019525082201174288
3,0.077815506508206,0.006371437605658007,0.02396585686145765,0.003980418796120203,0.10856803165452535,0.011699894332716594,0.19679140781024335,0.017301229231211843,0.02347652205355757,0.003407674985354367,0.020980357409919707,0.003887244585517304,0.15504450475609305,0.014988342370517946
4,0.1007357102433503,0.01659876556430387,0.03786386517837601,0.0049281375571012045,0.13954860504224872,0.025024599544352828,0.24322115496845792,0.023267828161498697,0.03742164462577584,0.005739282409522407,0.03166078031348711,0.004205307034865801,0.1960117220836124,0.031045662139180717
5,0.11629881154499151,0.0165697973649772,0.04366382140512147,0.0051596302184838206,0.1559760063119451,0.02056901230835239,0.266216651691873,0.015063202876383843,0.04331016971897917,0.0059919638561845255,0.03679109819533168,0.0025989554541720936,0.21687157291260145,0.02366074855164952
6,0.13893604980192417,0.016203325752371718,0.05679579776756402,0.0055810899540380855,0.1858239449067472,0.017083995184353953,0.3090108887113575,0.008841125369990642,0.05677527326136289,0.006006353304140431,0.04909487640457614,0.002086623141607744,0.2548292915752108,0.017019962425640096
7,0.1522354272778721,0.009156021328445632,0.06500328299409061,0.007244936471015731,0.20237947116718596,0.0061435626255150035,0.3282637917482914,0.005722651570035371,0.06528090931353901,0.00810722029007858,0.05950395970426437,0.011720239204632641,0.27402630096405256,0.008845748897468763
8,0.17826825127334464,0.021222410865874355,0.07747866053841103,0.007967604136251867,0.23406658352119983,0.017978395777992463,0.371416720445173,0.014599234177899892,0.07840736441573534,0.007733455461152659,0.07723239050745791,0.011060546165944131,0.31346443139417174,0.015397148711856405
9,0.19524617996604415,0.02892483028421191,0.08732764281024294,0.011291781695285512,0.2569209713207382,0.02706922798214606,0.39801640988836307,0.02708542340042588,0.08844564283023185,0.010482005334732718,0.08998300041345007,0.018490675907391303,0.3410957853919119,0.023019738870796176
10,0.20345217883418223,0.031124916369987644,0.09433136353687897,0.013268062653734007,0.26456181253166,0.03057754018158721,0.40605183403793815,0.03133496019867639,0.09560121264324113,0.013004731068481082,0.10210750929579869,0.027691135577665133,0.348783613363104,0.026950168282245043
11,0.20656479909451048,0.02887911900888076,0.09487852921864741,0.012820501766097591,0.2677054418806271,0.02890433092811048,0.4084176517218565,0.0313454442282421,0.09604724982569017,0.012635841134222198,0.1022536157929798,0.027783758285464845,0.3516832093743347,0.026008448593931824
12,0.21420486700622524,0.025948104069025466,0.09958415408185599,0.009573366885550962,0.2775221861135212,0.02547988219193829,0.41997072073079034,0.02728212659138611,0.10083757114440563,0.009397527473340649,0.1090151382149033,0.020078733136894074,0.3629539713199425,0.02233370235532252
13,0.22552348613469156,0.030658366113824238,0.10516524403589407,0.013075771602084844,0.29047910352992884,0.03283968530486636,0.4312027628224979,0.03430230965956037,0.10669470881270347,0.013013305495691907,0.1158609187196561,0.026553277524893497,0.37592778419588735,0.03061736231180258
14,0.23910582908885117,0.030303740001313483,0.1120595316261764,0.012656925092253031,0.30440325353540937,0.03331332163834276,0.44368649386832854,0.03525702631740675,0.11379208216851361,0.012806751287383943,0.12572817159684202,0.026923157932969958,0.389544885122819,0.032597819735662316
15,0.24589700056593095,0.023895090134177514,0.11731232217115342,0.0128931555835775,0.31097243658676893,0.028568457446293428,0.4568985803651961,0.02179155468622378,0.11913404892592397,0.013353157312988882,0.13197142539134343,0.027474420744337754,0.3987541644298814,0.026056492692793243
16,0.25325410299943407,0.025029252277867547,0.12190851389800832,0.011018020333733312,0.3192163786693356,0.03136488190300725,0.4642597179276065,0.023179126846212712,0.12394960227503343,0.011462103726620253,0.13810044221750475,0.02842812804475202,0.40660061671794145,0.028168413490318237
17,0.26768534238822866,0.025414963089113663,0.13252352812431606,0.012905688761484409,0.33542776959818493,0.036611233642899546,0.4810984566122406,0.028460151689263666,0.13495829643911905,0.013410866775510519,0.14878774870706632,0.029949239919368018,0.42448162608759005,0.03543642364006098
18,0.2860780984719864,0.03050126353687893,0.14193477785073322,0.016585890627641237,0.35652741282316247,0.044886674678737665,0.4978902841154024,0.036701949160550126,0.14438927650917244,0.01699274426377656,0.15745234567593794,0.032891046827792036,0.4442254699553945,0.04477143548869709
19,0.29485002829654783,0.034065330039946655,0.1498139636681987,0.01809026066354937,0.36760220128114984,0.048161240341377635,0.5076714747723619,0.03867733532038888,0.152580987441265,0.018658819565288365,0.16574859959496238,0.036061531626427897,0.45562824097670174,0.04692011912203468
20,0.30475382003395585,0.03846353398712798,0.15637995184942,0.021762891640987637,0.3784108649992135,0.05479526108016087,0.516685792882696,0.04356806009999054,0.15904898442603735,0.022388737039054543,0.1706438264820176,0.03844362458892224,0.46611220880673926,0.053170963835749506
21,0.31437464629315226,0.04090001463532461,0.16217990807616547,0.02626395272488509,0.38749490215595456,0.05811321510549549,0.5247676342680183,0.045888997542050156,0.1650757261050885,0.02722327700165598,0.1769506368021137,0.04113757884642408,0.4746413977000972,0.05596950180449243
22,0.3273910582908885,0.04239669031050762,0.1708251258481068,0.026087583567625982,0.40104035517531,0.05739712975325755,0.5354729589682619,0.04543590036117618,0.17382762880875138,0.02726421954677714,0.18573448741233795,0.04227037280638644,0.4869441601614949,0.05493853751453923
23,0.3350311262026033,0.04286997035294412,0.17684394834755965,0.026124740485480167,0.41099855532283885,0.05757958940225315,0.5453507253982766,0.04315922970166259,0.18002906160145796,0.027305235092872127,0.19063401867591337,0.04377346788510584,0.49809523574604797,0.05354564498679893
24,0.3457838143746463,0.037450991487459714,0.1836288028014883,0.025834333650301668,0.42415296790802093,0.050757328718396895,0.5600940669764003,0.03698841258959831,0.18717761121246243,0.027004856068606885,0.20268652635351955,0.04805915196347283,0.5133892363998951,0.04650434547102592
25,0.3548387096774194,0.04725692923503151,0.19063252352812432,0.03014341650524005,0.4338378841157582,0.059271083815690816,0.5674260769396752,0.0430232019878596,0.19450186935770272,0.0314758028707902,0.21031445019423467,0.05175750428867816,0.5218681230743151,0.053146738124136755
26,0.3607809847198642,0.053061120298835016,0.19468154957321077,0.031400255288820324,0.43803761887974657,0.06366680719618109,0.5712349683222785,0.04688217772282252,0.19861118021092478,0.03263220706327666,0.21334602628379118,0.051036125009382205,0.5258823063140929,0.057253940715912444
27,0.3746462931522354,0.04244765129221529,0.20310790107244475,0.02588018481771111,0.4529487509911772,0.053658159319740724,0.5824634648210956,0.03946178285339844,0.2067031330551088,0.027135814679927213,0.21858978075268284,0.04808457701459838,0.5396933370635337,0.04844310519565416
28,0.38115449915110355,0.04453268946894398,0.21033048807178814,0.03037139217854655,0.45993687066929956,0.05691965122703731,0.587731801319632,0.0420184970235948,0.21400353268773858,0.03168280216623914,0.2250788892479244,0.052347027070140474,0.546000144545603,0.05182471109477667
29,0.38539898132427847,0.04254656735531977,0.21230028452615451,0.02933889936117045,0.4650196557066706,0.05431601281817682,0.5916445553276645,0.04044221569486366,0.21593703875873807,0.030688272736912756,0.22641687143260547,0.05152916252926881,0.5508043875562132,0.04996185522143904
30,0.39275608375778154,0.04626550468644445,0.22105493543444954,0.028167502586868353,0.47172461668656257,0.05505678115477103,0.5968662258680486,0.040587771147949245,0.22494879067863616,0.029505334673064456,0.23377350827665944,0.0502335313637057,0.5566036288722563,0.04928419783604586
31,0.3984153933220147,0.04480961833191615,0.22652659225213395,0.026331577417630418,0.47891739073332745,0.05008805637409098,0.6031319749256858,0.035900966482667655,0.2306510769345966,0.027460962767069195,0.23820845654122683,0.04674347927676493,0.5642240152660702,0.04338430225078877
32,0.40492359932088284,0.045207222260422245,0.23363974611512364,0.02600896686380016,0.48581836566822806,0.05038499309643607,0.6093012881839909,0.03702578209831885,0.23827242188931477,0.02709435819373874,0.24898683596415797,0.045539076714511365,0.5713667237146225,0.044404320384275095
33,0.41228070175438597,0.048389578863849925,0.2396585686145765,0.027296274658930808,0.4933705809221625,0.0556074792036406,0.6147621708081015,0.04066106200985275,0.24408774357175808,0.028800216061153898,0.25332101041584,0.046285519820241955,0.5780619983895203,0.04921726093161062
34,0.4250141482739106,0.04286997035294409,0.2495075508864084,0.022832745961116323,0.5036627947738811,0.05151370547007658,0.622286371318615,0.037613681979536115,0.25392202915988366,0.024573176745546564,0.26006996043436603,0.043365187958602856,0.5862397352511511,0.04576144993862912
35,0.4295415959252971,0.042078213009825914,0.25465090829503173,0.026477165856185206,0.5090198512268875,0.05228839799018977,0.6260262600921774,0.03823576019676991,0.2591682057696491,0.028337155550340422,0.26505540751363477,0.047306871820073614,0.5908531769711364,0.046986531761215644
36,0.4343520090548953,0.04270154394079431,0.2611074633398993,0.028632401662605028,0.5126048822780654,0.05358074067559822,0.6288802514007577,0.03937972552022555,0.26582412033562214,0.030631865495471693,0.27036644172380964,0.050133089767139954,0.5939795399613708,0.04850185265959457
37,0.43916242218449353,0.03581833311832934,0.2657036550667542,0.024579374289982855,0.5179861318892468,0.04508262344388792,0.6329300497940976,0.03300637750341907,0.2706637356814582,0.026243565638748058,0.2764332724602818,0.04256198406608601,0.5986355547013733,0.04094886726028915
38,0.4431239388794567,0.03835095754864691,0.2712847450207923,0.029095429013201175,0.5222495588451649,0.048278675491671454,0.6366525003951182,0.03609257630038424,0.27645046784559213,0.030891346162479166,0.2819297766137784,0.04761867586752377,0.6028435084878795,0.044311762578593324
39,0.4485002829654782,0.041242157779176294,0.2778507332020136,0.03433254282156982,0.5280549293312893,0.051487778352390365,0.6413131541861891,0.03931019105187855,0.28299990934782576,0.036083399185269156,0.28755988907260166,0.05044335129581459,0.608019539969393,0.047721030457394814
40,0.4527447651386531,0.03617866074107918,0.2826657912015758,0.028626127167830112,0.5324141414440631,0.04685067478961537,0.6449167330753823,0.03594946558424451,0.2881155000260963,0.029956038746956508,0.2933708236400038,0.042872403943325595,0.6122697515017687,0.043847814260497574
41,0.46434634974533107,0.03778304428568401,0.28988837820091923,0.0313160468067984,0.5458331975554028,0.05005368502374842,0.6550981868118154,0.03908326308171515,0.29534289973208216,0.03225725608702468,0.29996661706896144,0.04151022281710165,0.6247583467024436,0.0483385105700586
42,0.47594793435200905,0.03655515352141297,0.29711096520026264,0.03534825822538159,0.557273105206662,0.04567981031199983,0.6630815935856189,0.03625530967500674,0.30280201697525494,0.03664423514301711,0.3079440334175899,0.04629033409570331,0.6340705164359113,0.044370649192631645
43,0.4779286926994907,0.03445097434244997,0.2999562267454585,0.0343545109646868,0.5586298970161423,0.04496413909854992,0.664124795048687,0.03545482924413076,0.30567210956154517,0.03560027870223784,0.3107131355320087,0.04427707730839585,0.6350826641935029,0.04393153259653516
44,0.48047538200339557,0.030876966858188824,0.30247318888159336,0.0320833246537357,0.5614716056258454,0.040277363334853294,0.666262920755973,0.03208326167126257,0.30812887503704633,0.03353760111123021,0.3133063157288602,0.042909889145678275,0.6376190024222833,0.03978227968093813
45,0.4852857951329938,0.031008936896826465,0.3098052090172904,0.025483591805764073,0.5651205757379141,0.041169747756908036,0.6693302665426714,0.03254521660932297,0.31533312842482797,0.027004558263982494,0.31913063938232916,0.03748333077491788,0.6408599946419944,0.04063743689618892
46,0.490096208262592,0.028928982273077657,0.3134165025169621,0.02417481765438839,0.5702833463186388,0.039314489549564346,0.6735832379595411,0.031077749726354294,0.3187407243037455,0.025695612837593997,0.32179978011095955,0.03700905223478592,0.6458064465213139,0.03898879657987934
47,0.49490662139219016,0.03229155619967782,0.31866929306193914,0.029989272005789866,0.5748654811031666,0.04310610262147386,0.6772689002512969,0.03391875195777567,0.3240885921005222,0.031607199828517,0.32705590560643966,0.04152587728351168,0.6500526242270372,0.04243938596225479
48,0.499151103565365,0.034082953989617554,0.3266579120157584,0.034849256755654895,0.5787250304389412,0.04435915873965973,0.6798525406184903,0.03472582773554947,0.33202248865754036,0.03654576662625221,0.33296418177204246,0.04551725194991497,0.6528407848005706,0.04313300975651444
49,0.5028296547821166,0.03740285600873416,0.32906544101553953,0.03752726962934148,0.582403377957365,0.046441244122894854,0.6827086853813411,0.036201950835521614,0.33435131349505587,0.03912979304668016,0.3343484674372626,0.04675293066225853,0.6562570776411858,0.04469945302684893
50,0.5048104131295982,0.03991017169559754,0.33070693806084484,0.039028066579763696,0.5838228744829311,0.04799460624759767,0.6838197187374468,0.03747595596601667,0.33591890425431303,0.040547497967160874,0.3361682539518882,0.04833316330786236,0.6573319453699115,0.0458764781104911
51,0.5053763440860215,0.039052311583808876,0.3336616327423944,0.03558579835710685,0.5846175456682872,0.0466469021391877,0.6845355979037019,0.03628135705669116,0.33904248717821095,0.03677568369927736,0.34442475457584776,0.035367088585700646,0.6582023003828269,0.044394441972595115
52,0.5056593095642332,0.03862556514575596,0.33398993215145545,0.03572635765646598,0.5847009873770944,0.04650548866606294,0.6846338388773999,0.03611765926780245,0.33933285901185817,0.0368631453552039,0.344539515986991,0.035378334151295675,0.658214066774467,0.04437441797255944
53,0.5076400679117148,0.03568395510523546,0.3370540599693587,0.0331799031668005,0.586373277718692,0.04367565761038433,0.6858795540608942,0.03404743360476087,0.3424102510414057,0.034370939111109444,0.34691534645921784,0.03400642024318101,0.6596821885997017,0.04187866887538241
54,0.5152801358234296,0.04302657350585461,0.3448238126504706,0.03955201806121387,0.5935139624146926,0.04914917873109499,0.6911066646052934,0.0381554455145401,0.3500626273238262,0.04085482940770186,0.35180232101134734,0.03790396573540777,0.665821684536485,0.04649520805174926
55,0.5172608941709111,0.04421058282191648,0.3467936091048369,0.04113099422657546,0.5954017693592152,0.05037848607928048,0.692392578515575,0.038971013282238294,0.35212972071703263,0.04249081652841017,0.3542207782230403,0.0399621214651272,0.6673200882364669,0.04750680758361064
56,0.5206564799094511,0.04418612630660585,0.35106150142263076,0.04326748739984322,0.5988579348127677,0.05163342981664431,0.6949877160588616,0.03977578010738378,0.3562063214985949,0.04437047824387775,0.35709665538033325,0.04245893218346384,0.6704672081342141,0.0487706509687555
57,0.5206564799094511,0.04418612630660585,0.35128036769533816,0.04337032765297897,0.5988579348127677,0.05163342981664431,0.6949877160588616,0.03977578010738378,0.35642720350660057,0.04447378731565737,0.3572294529722957,0.04258407825461357,0.6704672081342141,0.0487706509687555
58,0.5314091680814941,0.03812480742425399,0.3585029546946815,0.03926987932844565,0.6114262804846117,0.042315883342101304,0.7045580208071364,0.03274546660810521,0.36380614800803746,0.039839523149236895,0.36408128437352344,0.03805330892939188,0.6823437913210856,0.03941294480138975
59,0.5342388228636106,0.036898524759938975,0.3636463121033049,0.03586185824210466,0.6147834514848161,0.040531852227064416,0.7069844620799081,0.031612430773765486,0.36914389247003926,0.03613618717737376,0.369663742096648,0.03385780024801307,0.6853341868598198,0.038013111460668145
60,0.5401810979060555,0.0343811789418654,0.3690085357846356,0.03383395796583854,0.6212938797234653,0.03727922823486182,0.7113398098344872,0.02955971683314906,0.37452716650301393,0.033720500927273044,0.37341614394907124,0.030809754851255665,0.6904682017638584,0.035794096410853286
61,0.5444255800792304,0.03537294842784841,0.37294812869336835,0.036379070685399445,0.6249932111035714,0.03980270457428494,0.7145074467638521,0.03148927254468776,0.3786599289006144,0.03644193979747858,0.3782511860887053,0.03596415765286548,0.6939313620219141,0.03829418205412218
62,0.5509337860780985,0.028624304414409836,0.3788575180564675,0.029185429707745167,0.6326251650318985,0.02898837203826154,0.7214252639556217,0.021656004410267323,0.38449768470685564,0.029383514351620524,0.3829814411543755,0.03137184866345358,0.7018565768453641,0.0263556625065199
63,0.55631013016412,0.02801786937065435,0.38629897132851826,0.028917072142096333,0.6383544998780448,0.030973964866123048,0.7254109844235954,0.022576450954260963,0.3921689850120716,0.02898376734044536,0.39054926389237105,0.0302253784773368,0.7066193360698767,0.028183659957494733
64,0.5608375778155065,0.028082096251076605,0.39111402932808054,0.025140819209056024,0.6414719611171493,0.029617837866529082,0.7277172780913993,0.021978876670808146,0.3969449607006031,0.02521050440036279,0.39412721109937704,0.028185511423067397,0.7089780300333623,0.026985532108603192
65,0.5667798528579513,0.029715417301245224,0.3975705843729481,0.02707027212698365,0.6489187633247503,0.0330107640020864,0.7334476948609908,0.024068756088738992,0.4035860717971312,0.026948355753838672,0.4008236344927614,0.024504751552778196,0.7160291045588965,0.029912148844325637
66,0.5741369552914545,0.02538659288891553,0.40194790982709566,0.02964224315154308,0.6566225561207188,0.03134759145738401,0.739152406195383,0.02274039232241859,0.40812829510731513,0.02984282408522578,0.4049684281313751,0.02898960724505013,0.7228008520619724,0.029150853233204276
67,0.5792303338992643,0.017404102223748504,0.4087327642810243,0.023336985164212627,0.6615878315326691,0.022817265891977908,0.7429258067914104,0.016204671973661863,0.41495030358303897,0.02371697244630045,0.41086450561480486,0.025147850091140057,0.7271330266290633,0.021754979644648877
68,0.5792303338992643,0.017404102223748504,0.408842197417378,0.02345752308945148,0.6615878315326691,0.022817265891977908,0.7429258067914104,0.016204671973661863,0.4150634916226089,0.02384596396451957,0.4109213633676821,0.025241503797132574,0.7271330266290633,0.021754979644648877
69,0.5797962648556876,0.017417898581225146,0.4108119938717444,0.024968747472455505,0.6624136082071073,0.023735327447677573,0.7437079727707362,0.016923573615239506,0.41715210346109094,0.025403746177784278,0.4136578832623991,0.026558520293490345,0.7280577248927689,0.022843051187152644
70,0.5865874363327674,0.023108077400367057,0.41354782228058656,0.026397667931056617,0.6691938642200944,0.027470187558622326,0.7487096443463673,0.020086613945061563,0.4199149599182066,0.02690547167752969,0.4154737064179261,0.027042017890089743,0.7337413045348818,0.025736319865753896
71,0.5899830220713073,0.02028489498361378,0.41803458087108775,0.020976080090344306,0.6734987651614552,0.02324093884675898,0.7525969539545825,0.01801549747191764,0.4244648138827436,0.021347407071700075,0.4192270721181957,0.022840006579183718,0.7381765997672632,0.02264541313177845
72,0.5950764006791172,0.018905821265976265,0.4231779382797111,0.024618077964960836,0.6804224520407649,0.026994651850459944,0.7580875942075668,0.020814630196807637,0.4295540024969526,0.02515033133727628,0.42311253384169456,0.027038930508779903,0.7451178542448301,0.02736937109204728
73,0.5950764006791172,0.018905821265976265,0.42339680455241846,0.02491256825964589,0.6804224520407649,0.026994651850459944,0.7580875942075668,0.020814630196807637,0.42978617787340073,0.025466073559765774,0.42332870120810423,0.02740597219360975,0.7451178542448301,0.02736937109204728
74,0.5962082625919638,0.019549208205337704,0.426023199824907,0.028169415728467363,0.6811435562757525,0.027711164523894927,0.7586026363334183,0.021324052728088454,0.43241834665696344,0.028724017635142637,0.42656031395465577,0.03204801352093052,0.745521195629978,0.027774219482920495
75,0.6055461233729486,0.012771119520539631,0.4328080542788356,0.02240468086362085,0.6925681580514315,0.014711790882738062,0.7679153259788483,0.010246186898598648,0.4392843077017607,0.023144436387475008,0.43318993793031363,0.028834980717661475,0.7566958979057063,0.013865318238915172
76,0.6137521222410866,0.0055665861836180245,0.437951411687459,0.019176732588982573,0.700952568572789,0.01166796930692128,0.7744982099176213,0.007763123826309391,0.44418776618901695,0.01976489163716615,0.4362977610130352,0.02749499423883817,0.7642465410610595,0.01176650031407984
77,0.6140350877192983,0.005962452604896857,0.43806084482381263,0.019155175687198073,0.7010360102815962,0.01162354379449572,0.7745964508913192,0.0076971710665965105,0.44425557727070086,0.01975282818387111,0.4363099850626001,0.027484080930393222,0.7642968620525991,0.011726325802625946
78,0.6168647425014148,0.0029812263024484283,0.4427664696870212,0.017877503048073656,0.7033425069839206,0.010346369046434298,0.7761575216454157,0.007190164288279646,0.448782844498353,0.017849966452051575,0.43954171841000944,0.026777869193751573,0.7661946967565654,0.011074002619961575
79,0.6185625353706847,0.0009802211701012416,0.44506456555044865,0.01633048954431156,0.7053730041878828,0.009398793678131578,0.7777918608510276,0.006741300577995247,0.45110220732447054,0.016272000021734272,0.44159162661055223,0.026049825832984083,0.7682060594837528,0.010510826318965483
80,0.6196943972835314,0.001697792869269965,0.4461588969139856,0.01822283530712793,0.7063982509827831,0.011078598744772732,0.7784363685910225,0.007749534753454913,0.45226420336934975,0.01828038079509474,0.44311676073705925,0.028606974808003244,0.7688630342339137,0.011541042526627382
81,0.6219581211092247,0.00482702945931862,0.4503173560954257,0.022972358707287144,0.7085435422535954,0.013264878560636715,0.7804110628088211,0.009763514031811945,0.4565036423148056,0.0230650424999813,0.44764884555017626,0.032961403807084816,0.7711111441378268,0.013558019469896711
82,0.6284663271080928,0.009076975060750109,0.4563361785948785,0.029284969768350218,0.7141842511427542,0.016746604686762485,0.7848194587019628,0.012572228516423041,0.462483175678926,0.02929312265837479,0.4518645007325387,0.037082291574194945,0.7759601745855782,0.016418295830294482
83,0.6327108092812677,0.013801639386821923,0.4614795360035019,0.03265602874694824,0.7175172289847837,0.020990992509142877,0.7872207801488392,0.015506232194323415,0.4677858191309037,0.03282574941624117,0.45592452098698233,0.03985927435939904,0.7783242791179192,0.019435024404672263
84,0.6366723259762309,0.01267672709937868,0.4692492886846137,0.03438430242364369,0.7212679091087711,0.019552218422031472,0.7899324532602993,0.014179184881241874,0.47587777197508774,0.03457089637970189,0.46255572893098373,0.041569949676563335,0.7812227908803567,0.017848582846062444
85,0.6400679117147708,0.014128452442354219,0.4750492449113592,0.038301441390419785,0.7239010134464562,0.020033017921011257,0.7919515053346421,0.014466670330852513,0.48185542311113444,0.038853121340584884,0.4686045099145187,0.0474682910568204,0.7834075812094476,0.01800429784088884
86,0.6417657045840407,0.014481088377955894,0.47789450645655507,0.04056900531463528,0.7260867912268673,0.021013922863554562,0.7934605259646504,0.01520693421400638,0.48469946973056643,0.041216798076112296,0.47093437360057466,0.04952883409986835,0.7853425008820584,0.019091149731938723
87,0.644029428409734,0.01353805740113828,0.481068067410812,0.03860043505378654,0.7278467200496084,0.019622011464245834,0.7950210672141925,0.013853660550468444,0.4880363548791459,0.03913010423906476,0.47392146004201224,0.04663273860827257,0.7870096499231318,0.017335183512382692
88,0.6451612903225806,0.015490906274104125,0.481068067410812,0.03860043505378654,0.7285226472647389,0.020754151122418844,0.795549424321109,0.01473499308027774,0.4880363548791459,0.03913010423906476,0.47392146004201224,0.04663273860827257,0.787427366229411,0.01802321700504004
89,0.646576117713639,0.014314249994274723,0.48260013131976365,0.037436210643893096,0.7291854904249381,0.020329683950858192,0.7961388701632971,0.014325276885416224,0.48954330737181095,0.03795141991256568,0.47560550998795575,0.04571316416422854,0.7878428157823762,0.017768307189839766
90,0.6477079796264855,0.013341454707556622,0.48741518931932587,0.034691685056402057,0.7298285840682599,0.01966815632915594,0.7966626185352401,0.013834463857149195,0.49449153236460514,0.03515104529086855,0.4805458758504658,0.04438544075470503,0.7882485387635226,0.017288980455993953
91,0.6516694963214488,0.015683538721619733,0.49244911359159554,0.035310123860141186,0.734130522582089,0.021655163172606705,0.7998722497286199,0.015080068937680515,0.4994517629202479,0.03580142088464694,0.48546397843126077,0.04399183313806813,0.7920513792007805,0.018843942680878724
92,0.6542161856253538,0.014008934685327197,0.4955132414094988,0.03350316514235976,0.7373415471574003,0.020127004243796973,0.8021024471710657,0.014071557940917183,0.502477673468427,0.03397467541539099,0.48780043429317793,0.04336582610873171,0.7948832099760409,0.017649128415206987
93,0.6550650820599887,0.013431176328586134,0.4966075727730357,0.033823337726401226,0.7381172094327619,0.01953194263985361,0.8026240479025998,0.01369503580393701,0.5036388047058129,0.03431618268373846,0.48902036110475905,0.043475699276092294,0.7954423435441645,0.01719554657284854
94,0.6559139784946236,0.01372309638141727,0.5012037644998906,0.03230428372677007,0.7390390181330166,0.01994017171557125,0.8031877549604087,0.013943607637607422,0.5081614426698239,0.03267309647236677,0.4931028169814004,0.0418249811063345,0.7961690920965873,0.017535016369762173
95,0.6570458404074703,0.014505948633815869,0.5022980958634274,0.03182811553018085,0.7403550765639373,0.020858490603120772,0.804091515571049,0.014565851743946609,0.5093105174733321,0.03214434901876423,0.49400704859977046,0.04148971562314995,0.7972842042263327,0.018276154177767172
96,0.6587436332767402,0.012242958490539869,0.5043773254541475,0.02929294289031304,0.7414425343370015,0.01931251077437559,0.8049053786044552,0.013399529384305962,0.5114651090364534,0.029559158969716434,0.49601678193851123,0.03894270062001535,0.797971930494234,0.017275994521255476
97,0.6627051499717035,0.010545922554377023,0.5078791858174655,0.027688313611589944,0.7460486154107432,0.01607989325723913,0.8085132060672062,0.01057236102088967,0.5150334573670748,0.028092511682430932,0.49966715854726423,0.037565063846914916,0.8023880894764591,0.013659390579975807
98,0.6661007357102434,0.012369831915333557,0.5134602757715037,0.028185990849482975,0.7492626024135861,0.019009507980306203,0.8115872795422149,0.013814246331493071,0.5207543624196567,0.028629129461986366,0.5066723326737695,0.03651875509066072,0.805617308730573,0.017301691046922935
99,0.6669496321448783,0.01219380952258924,0.5141168745896257,0.02758301222757055,0.7499538355042967,0.018737566019124425,0.8123323457913454,0.013488548860458917,0.5214039345892155,0.02801562618899322,0.507119065716461,0.036162834510047356,0.8063923766457701,0.01690164993975498
100,0.668081494057725,0.011793246171010036,0.5157583716349311,0.027602542791674227,0.7509961162575037,0.018612520896960527,0.8130438698645929,0.013351234226264908,0.523014969207256,0.028007323887066587,0.5091742820994584,0.03614813498419465,0.8071516949086524,0.01676698554846197
