turn,nodes_added_to_graph,nodes_added_to_graph_std,edges_added_to_graph,edges_added_to_graph_std,total_nodes_in_graph,total_nodes_in_graph_std,total_edges_in_graph,total_edges_in_graph_std,native_node_precision,native_node_precision_std,native_node_recall,native_node_recall_std,native_edge_precision,native_edge_precision_std,native_edge_recall,native_edge_recall_std,native_degree_weighted_node_coverage,native_degree_weighted_node_coverage_std,evaluation_node_precision,evaluation_node_precision_std,evaluation_node_recall,evaluation_node_recall_std,evaluation_edge_pair_precision,evaluation_edge_pair_precision_std,evaluation_edge_pair_recall,evaluation_edge_pair_recall_std,evaluation_node_tsc_rank,evaluation_node_tsc_rank_std,evaluation_edge_tsc_rank,evaluation_edge_tsc_rank_std,evaluation_node_autc_rank,evaluation_node_autc_rank_std
1,62.0,0.0,63.0,0.0,62.0,0.0,63.0,0.0,1.0,0.0,0.05263157894736842,0.0,1.0,0.0,0.02068286277084701,0.0,0.217725052337753,0.0,1.0,0.0,0.05263157894736842,0.0,1.0,0.0,0.02068286277084701,0.0,0.07789925376450456,4.8074067159589095e-17,0.02124389433191938,1.059933551797417e-17,0.12092311620260184,0.0
2,35.333333333333336,21.361959960016154,38.333333333333336,24.214320831552005,97.33333333333333,21.361959960016154,101.33333333333333,24.214320831552005,1.0,0.0,0.08262591963780419,0.018134091646872807,1.0,0.0,0.033267673451521124,0.007949547219813531,0.27814608048383344,0.06131299029080017,1.0,0.0,0.08262591963780419,0.018134091646872796,1.0,0.0,0.033267673451521124,0.007949547219813526,0.11702403417456364,0.030460671997672176,0.03430721848710165,0.008375449872028663,0.17187189091997174,0.044109756681789056
3,26.0,17.435595774162696,42.0,11.0,123.33333333333333,21.548395145191982,143.33333333333334,25.106440076867397,0.9966329966329966,0.005831820900905284,0.10441426146010187,0.018771939208400663,0.9836065573770492,0.028394275533916054,0.04639964981396367,0.009111910522287638,0.34502209816236334,0.05376551426484439,0.9966329966329966,0.005831820900905284,0.10441426146010187,0.018771939208400663,0.9836065573770492,0.028394275533916054,0.04639964981396367,0.009111910522287641,0.14538483414849424,0.029325131007847585,0.04778987253449737,0.009785537589929956,0.21462085224856203,0.04089920096603035
4,25.333333333333332,3.7859388972001824,23.666666666666668,16.502525059315417,148.66666666666666,25.32455988429677,167.0,41.60528812542944,0.9972222222222222,0.004811252243246865,0.12591963780418788,0.021978604673606555,0.9848484848484849,0.026243194054073875,0.0541694024950755,0.014508456857507781,0.3846243312398232,0.03482999288062189,0.9972222222222222,0.004811252243246865,0.12591963780418788,0.021978604673606555,0.9848484848484849,0.026243194054073875,0.05416940249507551,0.01450845685750778,0.17339508019785013,0.028147649044452897,0.05605158200252172,0.01565536662785226,0.24945486526074861,0.03139864365281378
5,19.666666666666668,20.744477176668813,25.666666666666668,24.172987679087857,168.33333333333334,44.76978147515725,192.66666666666666,64.84083075758154,0.9972451790633609,0.00477148982801342,0.1426146010186757,0.03845416520511415,0.9848484848484849,0.026243194054073875,0.06259575399430947,0.02221869991577996,0.40910676901605025,0.05642237414387001,0.9972451790633609,0.00477148982801342,0.14261460101867574,0.03845416520511417,0.9848484848484849,0.026243194054073875,0.06259575399430947,0.02221869991577996,0.1953540742759574,0.05004168038436532,0.06440063702737372,0.022737766328890126,0.2748533948589715,0.05629226112387895
6,15.666666666666666,10.692676621563626,20.666666666666668,22.744962812309307,184.0,47.62352359916263,213.33333333333334,72.14106551287784,0.9974358974358974,0.004441155916843323,0.15591397849462368,0.04090882328210512,0.9836316254226701,0.024696863043305654,0.06927117531188444,0.024727288322587727,0.4200976971388695,0.05511667645581128,0.9974358974358974,0.00444115591684326,0.15591397849462366,0.04090882328210511,0.9836316254226702,0.02469686304330559,0.06927117531188444,0.02472728832258772,0.20675793905891518,0.05116254465601622,0.07148071423331705,0.025232158359405454,0.2858458717994835,0.056764105144065956
7,20.0,17.349351572897472,36.0,26.210684844162312,204.0,61.0,249.33333333333334,96.44342037346733,0.9947549219562595,0.0017405467315601132,0.17232597623089985,0.051782682512733456,0.9775121275121275,0.020630975149428788,0.0804333552199606,0.03258113202603571,0.44225401256106067,0.06929192581914392,0.9947549219562595,0.0017405467315601308,0.17232597623089982,0.05178268251273345,0.9775121275121275,0.02063097514942874,0.0804333552199606,0.03258113202603571,0.22606185746181118,0.06567889817906188,0.08293188460782035,0.033103996412948575,0.3071625936299319,0.07226159343454856
8,12.0,11.357816691600547,31.0,10.0,216.0,71.08445681019164,280.3333333333333,101.00165015153631,0.9949842555105713,0.001789092777759121,0.18251273344651953,0.060343341944135515,0.9414169930482382,0.08086022594425364,0.08831254103742614,0.03761715314354154,0.4513840428006513,0.08001617885407977,0.9949842555105713,0.001789092777759121,0.18251273344651953,0.060343341944135515,0.9414169930482382,0.08086022594425361,0.08831254103742614,0.03761715314354154,0.23750546814748472,0.07832665951384628,0.09079288298025259,0.03782508707449886,0.31872519695737256,0.08596624793347235
9,3.3333333333333335,2.516611478423583,3.6666666666666665,3.5118845842842465,219.33333333333334,72.23111056416988,284.0,99.06058752097123,0.9950528515240905,0.001794083158431083,0.1853423882286361,0.061316732227648454,0.9427178202792956,0.07910549138267657,0.0895163055373167,0.037009600729012604,0.4538264712723889,0.08081176795749288,0.9950528515240905,0.0017940831584310375,0.1853423882286361,0.061316732227648454,0.9427178202792956,0.07910549138267657,0.08951630553731671,0.0370096007290126,0.24013536318867726,0.07924733274883193,0.09200976886544462,0.03719678849549727,0.32134021641877425,0.0867050001327019
10,13.666666666666666,10.969655114602888,13.666666666666666,12.583057392117917,233.0,82.27393268830657,297.6666666666667,111.51830940851522,0.9695186273403262,0.04404874453635554,0.1915676287492926,0.06918549341752145,0.9435735735735735,0.0783991032625077,0.0940030641278179,0.04108117606630765,0.45958362409862763,0.08836772046579122,0.9695186273403262,0.04404874453635554,0.1915676287492926,0.06918549341752145,0.9435735735735736,0.07839910326250764,0.0940030641278179,0.04108117606630765,0.24690648505010868,0.08841018060990066,0.09657956427335748,0.04124760250635743,0.3282547484392752,0.09589705344475721
11,16.333333333333332,7.094598884597588,26.0,24.269322199023193,249.33333333333334,85.88558280254803,323.6666666666667,95.73052456418138,0.9526916243451414,0.06826115256076772,0.20118845500848898,0.07173551591960271,0.9069405539993776,0.14183459346815427,0.09881812212738017,0.04104136553645938,0.4695277971621307,0.09255784145609798,0.9526916243451414,0.06826115256076765,0.20118845500848898,0.07173551591960271,0.9069405539993776,0.14183459346815427,0.09881812212738017,0.04104136553645938,0.25706143975952905,0.0912923667903002,0.10159214111786213,0.04129013913183402,0.3383552898231007,0.09909925366504059
12,15.333333333333334,11.015141094572204,26.333333333333332,24.110855093366833,264.6666666666667,94.00177303292388,350.0,92.3417565351667,0.944148168037799,0.08342918783383223,0.211092246745897,0.07684427592657847,0.8867085087788988,0.1768479701098295,0.10418034580871088,0.042962507182543117,0.4779599906955106,0.09395470297796929,0.944148168037799,0.08342918783383223,0.211092246745897,0.07684427592657847,0.8867085087788988,0.1768479701098295,0.10418034580871087,0.042962507182543117,0.26878055620564295,0.09619532870095397,0.10701326319642793,0.04289053764679662,0.34901780587636444,0.10222922269511991
13,19.333333333333332,16.289055630494154,24.333333333333332,31.817186131607134,284.0,78.92401408950256,374.3333333333333,76.00219295081776,0.9446320849885281,0.08048289854305211,0.22722127900396152,0.06651976150546875,0.9054278416347382,0.14498515791763714,0.1121689647625301,0.03466993055984874,0.4940102349383577,0.0809201642292138,0.9446320849885281,0.08048289854305207,0.2272212790039615,0.06651976150546876,0.9054278416347382,0.14498515791763714,0.11216896476253009,0.03466993055984874,0.28521758536481706,0.08459884716688289,0.11546868954296116,0.03411851204644049,0.36611230117033433,0.08911267063943124
14,9.333333333333334,13.650396819628847,1.6666666666666667,2.886751345948129,293.3333333333333,65.57692683660414,376.0,75.18643494673756,0.9321723795122275,0.07284860458078982,0.232597623089983,0.06007404418660147,0.9066624698352743,0.14285310203585122,0.11271613044429854,0.03401874742989442,0.5017445917655269,0.07151038872560198,0.9321723795122275,0.07284860458078976,0.232597623089983,0.060074044186601464,0.9066624698352743,0.14285310203585122,0.11271613044429854,0.03401874742989442,0.29293791838117067,0.07541789097854859,0.11605741996181186,0.03342420704430832,0.37474773756277346,0.07881142656994455
15,12.0,2.6457513110645907,25.0,16.522711641858304,305.3333333333333,62.96295206971583,401.0,88.45903006477066,0.9336227207533792,0.07008402365592335,0.24250141482739104,0.05847124038312364,0.9141472836935527,0.130273069789113,0.12092361567082512,0.03643137423069477,0.508897418004187,0.06879334809439502,0.9336227207533792,0.07008402365592335,0.24250141482739104,0.05847124038312364,0.9141472836935527,0.13027306978911296,0.12092361567082512,0.03643137423069477,0.3030040002646425,0.07309263897734172,0.12436211544935825,0.03559728953800826,0.38382620085995245,0.0757424919706363
16,18.666666666666668,26.27419519858474,11.666666666666666,5.507570547286102,324.0,39.585350825778974,412.6666666666667,90.88637595004728,0.890586224256689,0.09509807335301454,0.2470288624787776,0.056685691085896585,0.9175956068527835,0.12465020969990659,0.1247537754432042,0.03641608568315707,0.5147708769481275,0.06315767565952723,0.890586224256689,0.09509807335301448,0.2470288624787776,0.056685691085896585,0.9175956068527835,0.12465020969990659,0.1247537754432042,0.03641608568315705,0.3077191974191321,0.06979667179560099,0.1282259227165289,0.035622367053945746,0.38921174191587626,0.07106424327098401
17,14.0,13.45362404707371,20.0,5.291502622129181,338.0,52.848841046895245,432.6666666666667,86.09490886999842,0.8747788981621106,0.06612701728176888,0.2529711375212224,0.058929556508687954,0.9134216611826242,0.13315443494853765,0.1302254322608886,0.03645355587410887,0.5229123051872528,0.06382830042151452,0.8747788981621106,0.06612701728176884,0.2529711375212224,0.058929556508687954,0.9134216611826242,0.13315443494853765,0.1302254322608886,0.03645355587410888,0.31487123808733725,0.07154605102567539,0.13410071263189677,0.03558641465121713,0.39791664775517416,0.07259225590959395
18,9.666666666666666,7.371114795831994,17.333333333333332,12.42309676905615,347.6666666666667,46.26373669877233,450.0,75.07995737878386,0.8784152469586657,0.06283528006950324,0.26089417091114886,0.05382521099321571,0.9183249872131888,0.1257284528159202,0.13591595535128037,0.03238869595811397,0.5319841823679925,0.05518602727089966,0.8784152469586657,0.06283528006950329,0.26089417091114886,0.053825210993215675,0.9183249872131889,0.12572845281592013,0.13591595535128037,0.03238869595811397,0.32362348336053726,0.06435865022446956,0.13989950122990846,0.03141641453886283,0.4080873854998448,0.06292466518912762
19,3.6666666666666665,1.1547005383792515,12.666666666666666,2.0816659994661326,351.3333333333333,46.068789145508624,462.6666666666667,74.51398079107929,0.8797755290447195,0.06208802438518943,0.2640067911714771,0.05362849056735852,0.9144644759074104,0.13287284747019593,0.13908951630553731,0.032902633463295694,0.5342521516631775,0.05479916123405753,0.8797755290447195,0.06208802438518943,0.2640067911714771,0.05362849056735852,0.9144644759074104,0.13287284747019593,0.13908951630553731,0.032902633463295694,0.32689622517609057,0.06360652765965218,0.14323618289437193,0.03193569609952545,0.41119804580098984,0.06249717587415376
20,7.333333333333333,9.291573243177568,16.333333333333332,14.571661996262929,358.6666666666667,38.591881702416806,479.0,85.44003745317531,0.8803442431154533,0.06185149505130488,0.2693831352574986,0.04839702436904035,0.9154409378462112,0.12163534322480164,0.1437951411687459,0.03270000550827536,0.5439637124912771,0.04560397579917615,0.8803442431154533,0.061851495051304925,0.2693831352574986,0.04839702436904035,0.9154409378462112,0.12163534322480171,0.1437951411687459,0.03270000550827536,0.3332456948521886,0.0579918256962394,0.14813297727682662,0.03169494466346012,0.4195912158694527,0.054661593854700735
21,8.333333333333334,10.408329997330663,9.666666666666666,11.239810200058244,367.0,34.655446902326915,488.6666666666667,96.20984010657816,0.8734897444783831,0.06946144651347143,0.2733446519524618,0.04701231068251403,0.9166346418215242,0.11992686608712536,0.14696870212300284,0.036208810433904816,0.5487904163759013,0.04204622996343978,0.8734897444783831,0.06946144651347141,0.2733446519524618,0.04701231068251403,0.9166346418215242,0.11992686608712529,0.14696870212300284,0.036208810433904816,0.3377135293077882,0.05427267153406808,0.15154393064365954,0.035490183015493275,0.42457394760092426,0.05055301652085128
22,11.0,8.18535277187245,17.333333333333332,19.857828011475306,378.0,27.073972741361768,506.0,92.9569792968769,0.8783388183078873,0.0648777915651858,0.2826825127334465,0.04014122382864817,0.9222175218886293,0.11075637781342525,0.15265922521339462,0.03166004846025264,0.5543149569667365,0.03844295474233933,0.8783388183078873,0.06487779156518586,0.2826825127334465,0.04014122382864817,0.9222175218886293,0.11075637781342519,0.15265922521339462,0.03166004846025264,0.3462327302818344,0.04788289865229578,0.15721686431587528,0.031093321663155368,0.43157391208336054,0.045439553241273585
23,6.333333333333333,1.5275252316519468,13.333333333333334,2.309401076758503,384.3333333333333,25.813433195399124,519.3333333333334,93.60733589486101,0.8804705923482937,0.06368288270447434,0.288058856819468,0.039309802141800465,0.9244455733337635,0.10751230042627859,0.15703655066754213,0.03139567832570457,0.5589672016748081,0.0373672660026318,0.8804705923482937,0.06368288270447434,0.288058856819468,0.039309802141800465,0.9244455733337634,0.10751230042627866,0.15703655066754213,0.031395678325704585,0.3528502996495437,0.0467085126488952,0.1617892541462682,0.030903936159825812,0.4377105188208478,0.04425842507653687
24,7.333333333333333,8.736894948054104,16.666666666666668,18.175074506954115,391.6666666666667,34.06366588218792,536.0,109.34349546269316,0.8817308252043676,0.06470012227139088,0.2942840973401245,0.04668415879455425,0.9230076442932316,0.11059456712507616,0.16196104180345808,0.0376705988276305,0.5621656199116074,0.040905871862429756,0.8817308252043676,0.0647001222713909,0.2942840973401245,0.04668415879455425,0.9230076442932315,0.11059456712507613,0.16196104180345808,0.03767059882763052,0.35771509939437984,0.051219412031143136,0.16691186502654354,0.03742640121923878,0.44222565845026857,0.04859038445746849
25,10.666666666666666,15.88500340992514,22.666666666666668,16.563010998406458,402.3333333333333,29.022979401386987,558.6666666666666,106.80979980008077,0.8863323758011059,0.058637194405771434,0.3033389926428976,0.03880239890531284,0.9278442135851078,0.10300086615795873,0.16940249507550886,0.03400871310198333,0.5694929053268202,0.0381911552928927,0.8863323758011059,0.05863719440577142,0.3033389926428976,0.03880239890531284,0.9278442135851078,0.1030008661579588,0.16940249507550886,0.03400871310198333,0.36813790692645054,0.04443848426147516,0.17466232065291498,0.033648020565754166,0.45147714398204497,0.04361457091660584
26,4.333333333333333,4.041451884327381,14.0,13.0,406.6666666666667,25.696951829610715,572.6666666666666,93.92727683337431,0.8876504051270327,0.05816991428972542,0.30701754385964913,0.03700578341535179,0.9289377089003581,0.10203309964394335,0.17399868680236374,0.03095952202789439,0.5760642009769714,0.032652774247424056,0.8876504051270327,0.05816991428972542,0.30701754385964913,0.03700578341535179,0.9289377089003581,0.10203309964394335,0.17399868680236377,0.03095952202789441,0.3731935363781151,0.041782524073586916,0.17944022944054944,0.03030993405867639,0.45763727915929797,0.03981475600610618
27,12.333333333333334,9.073771725877465,14.666666666666666,11.930353445448855,419.0,22.538855339169288,587.3333333333334,89.1870693168765,0.8891413715383752,0.05797127702575017,0.31692133559705715,0.03721937344491601,0.9293702358850172,0.10213384830827825,0.17881374480192602,0.032009332682039,0.5825191905094208,0.03068547970159219,0.8891413715383754,0.05797127702575022,0.31692133559705715,0.03721937344491597,0.9293702358850172,0.10213384830827825,0.17881374480192602,0.03200933268203901,0.3833035609366392,0.0407625591973542,0.18394404512382312,0.031209678250343237,0.466422937436042,0.03851094459393294
28,14.0,19.924858845171276,25.0,35.679125549822544,433.0,42.43819034784589,612.3333333333334,116.00574698407547,0.8902736393079079,0.05845205773592993,0.32852292020373514,0.0534804753820034,0.9298230003343267,0.10226670349099592,0.1870212300284526,0.04360618698004698,0.589090486159572,0.04130607308200484,0.8902736393079079,0.05845205773592993,0.32852292020373514,0.0534804753820034,0.9298230003343267,0.10226670349099586,0.1870212300284526,0.04360618698004697,0.39311660213511895,0.05665961864378082,0.1924831543130946,0.043409267224023725,0.4750857603228865,0.05295247639475445
29,8.333333333333334,11.015141094572204,10.0,16.46207763315433,441.3333333333333,37.31398308052,622.3333333333334,116.50894100168165,0.8932595592415656,0.054792831096412,0.3355970571590266,0.047540726749909765,0.9326752741418348,0.09735260481949247,0.19030422411906325,0.041132304415976643,0.5945568736915562,0.03765571095540451,0.8932595592415656,0.054792831096412004,0.3355970571590266,0.047540726749909765,0.9326752741418348,0.09735260481949247,0.19030422411906325,0.041132304415976643,0.4002271688178814,0.051625957613577904,0.19552163000544165,0.041223073283844364,0.4818755865297628,0.04828053351841608
30,12.666666666666666,15.947831618540915,28.0,33.15116890850155,454.0,37.986839826445156,650.3333333333334,128.85780276464956,0.8971032888573102,0.05044052962045976,0.3463497453310696,0.04367487595723791,0.938369242407698,0.08774109885988329,0.19949660757277302,0.03967988785142458,0.6016515468713655,0.03756440038019608,0.89710328885731,0.05044052962045977,0.3463497453310696,0.04367487595723791,0.938369242407698,0.08774109885988329,0.19949660757277302,0.03967988785142458,0.41073761483109583,0.04875531324876801,0.20489456623138305,0.040118627867860676,0.4909864320294192,0.04677906272765423
31,6.0,5.5677643628300215,20.666666666666668,17.7857620959388,460.0,32.7414110874898,671.0,111.07204868912791,0.8981207199966866,0.05005483167196029,0.3511601584606678,0.039089199795670396,0.9397293285881808,0.0863542570898215,0.2062814620267017,0.034676147522939946,0.6046173528727611,0.03418880597265792,0.8981207199966866,0.05005483167196029,0.3511601584606678,0.039089199795670396,0.9397293285881808,0.0863542570898215,0.2062814620267017,0.03467614752293992,0.41562117661696557,0.043602069969164554,0.21167470785022333,0.03483861290662439,0.4947826527027287,0.04264001028727897
32,7.666666666666667,9.291573243177568,11.0,7.810249675906654,467.6666666666667,23.459184413217212,682.0,103.28601066940286,0.9001694512868292,0.04890890301461195,0.3576683644595359,0.03243998978452517,0.9404166468963374,0.08560887801764511,0.20989275552637338,0.03268901686440427,0.6099092812281927,0.027920009701063925,0.9001694512868292,0.04890890301461195,0.3576683644595359,0.03243998978452517,0.9404166468963374,0.08560887801764511,0.20989275552637338,0.03268901686440427,0.42276704556114647,0.035584390793485916,0.2154386044163984,0.0325745667786459,0.5013186293794543,0.03503565378262572
33,10.333333333333334,8.621678104251709,17.0,8.717797887081348,478.0,20.808652046684813,699.0,105.88673193559238,0.8985624285342061,0.04662940744356876,0.3647425014148274,0.027603278773643915,0.9424410516269617,0.08244216182796062,0.21547384548041149,0.03178293239276092,0.615840893230984,0.025298385285867704,0.8985624285342061,0.04662940744356876,0.3647425014148274,0.02760327877364392,0.9424410516269617,0.08244216182796062,0.21547384548041149,0.03178293239276092,0.4304392391301113,0.03176788888498501,0.22118525020966442,0.03155383264549251,0.5082213807173377,0.031458596803857715
34,15.666666666666666,10.969655114602888,26.666666666666668,31.214312956291916,493.6666666666667,10.692676621563626,725.6666666666666,77.69384359994898,0.900080487937498,0.04562896200602894,0.37719298245614036,0.02069520600252014,0.9408008631147662,0.08113589885434598,0.22379076384329175,0.028015951569133585,0.625261688764829,0.01679163910051079,0.900080487937498,0.04562896200602894,0.37719298245614036,0.02069520600252014,0.9408008631147662,0.08113589885434598,0.22379076384329175,0.028015951569133585,0.4439397619985705,0.02001070003371803,0.22942569558755838,0.027770606343981485,0.5207563152691141,0.020013009206777514
35,6.333333333333333,5.131601439446884,32.0,27.730849247724095,500.0,7.211102550927978,757.6666666666666,50.63924696649165,0.9015295457708292,0.044731705669721455,0.38256932654216186,0.017174862371809305,0.9320500556455612,0.07321183230269043,0.23188881593346466,0.02531385018450603,0.63247266806234,0.01144049665676972,0.9015295457708292,0.044731705669721455,0.38256932654216186,0.017174862371809305,0.9320500556455612,0.07321183230269043,0.23188881593346464,0.02531385018450604,0.45166058875284604,0.014549924011812066,0.23787618744427666,0.0248339706631615,0.5293729597516406,0.014697679241555673
36,11.0,10.535653752852738,19.666666666666668,22.03028218914441,511.0,8.18535277187245,777.3333333333334,69.51498639382254,0.903046585954248,0.04540739577353103,0.39190718732314656,0.025414963089113646,0.9328688482584208,0.07246506273522323,0.23834537097833225,0.03245352161853551,0.6405559432426146,0.020854500965999095,0.903046585954248,0.04540739577353103,0.39190718732314656,0.025414963089113646,0.9328688482584208,0.07246506273522323,0.23834537097833225,0.03245352161853551,0.46165730045828607,0.024689405314507997,0.24427967996425143,0.031733708319951474,0.5384076167796176,0.02497247315197067
37,15.666666666666666,21.361959960016154,17.0,14.0,526.6666666666666,15.14375558880073,794.3333333333334,56.88878038184097,0.8886044027032399,0.05781023919021186,0.3970005659309564,0.02134655258918199,0.9344616293092267,0.0698745976543883,0.24381702779601663,0.0277686448727578,0.6462549430100023,0.016889534554841226,0.8886044027032399,0.05781023919021186,0.3970005659309564,0.02134655258918199,0.9344616293092267,0.06987459765438836,0.24381702779601663,0.027768644872757788,0.4675779587491826,0.019922435075334807,0.2501432782532349,0.02670680097638204,0.5448527973582565,0.02051650484239609
38,5.666666666666667,5.033222956847166,34.0,25.632011235952593,532.3333333333334,11.015141094572204,828.3333333333334,49.74267115197306,0.8885168430596071,0.05714750823081508,0.4012450481041313,0.020094533987075256,0.9232950672976871,0.06354632161564586,0.2511490479317137,0.024311895707910196,0.6505582693649686,0.01406426648773718,0.8885168430596072,0.0571475082308151,0.4012450481041313,0.020094533987075256,0.9232950672976871,0.06354632161564586,0.2511490479317137,0.024311895707910196,0.47314213826044127,0.018363527104944797,0.25738476923425935,0.023432668021736783,0.5499945892475055,0.0174473894477444
39,10.0,10.535653752852738,7.666666666666667,7.023769168568493,542.3333333333334,5.507570547286102,836.0,55.86591089385369,0.8776395269343372,0.03789169662948165,0.40407470288624786,0.01877193920840063,0.9241194819054038,0.06254840556338245,0.2536660100678485,0.024884431091862395,0.6516631774831356,0.013570113162740463,0.8776395269343372,0.037891696629481594,0.40407470288624786,0.018771939208400673,0.9241194819054038,0.06254840556338251,0.25366601006784856,0.024884431091862395,0.47528693579333153,0.0180255964065533,0.26000009970721644,0.023997319833470226,0.5516316114760776,0.0168052118968631
40,9.333333333333334,3.0550504633038935,26.666666666666668,13.613718571108091,551.6666666666666,5.507570547286102,862.6666666666666,42.335957923889396,0.8798458575310499,0.036636029821627426,0.4119977362761743,0.016203325752371697,0.926488644747107,0.061189733228320026,0.2624206609761436,0.022346878810092074,0.6597464526634101,0.008662268518895264,0.8798458575310499,0.036636029821627426,0.4119977362761743,0.016203325752371718,0.926488644747107,0.061189733228320026,0.2624206609761436,0.022346878810092074,0.4842243327872575,0.013849984884928956,0.2690854111350778,0.02130074891025633,0.5600670786373751,0.012093676089671001
41,6.666666666666667,4.509249752822894,11.666666666666666,11.503622617824933,558.3333333333334,8.386497083606082,874.3333333333334,33.842773723992146,0.8814661568398954,0.0352997777294835,0.41765704584040747,0.012562520022876727,0.9278255601458713,0.060227070315418976,0.26625082074852263,0.018741842385019147,0.6637590137241219,0.0067485115205347225,0.8814661568398954,0.03529977772948345,0.41765704584040747,0.012562520022876713,0.9278255601458713,0.060227070315418976,0.26625082074852263,0.018741842385019147,0.49037926972211276,0.008279206095659854,0.2728087634911237,0.01777559998061584,0.5658197246410679,0.008510592966167513
42,4.666666666666667,3.2145502536643185,10.666666666666666,9.451631252505216,563.0,5.196152422706632,885.0,42.33202097703345,0.8823573102351661,0.03554414494424077,0.42161856253537067,0.01400893468532722,0.9285264598492406,0.05942520813723456,0.26975268111184064,0.02126694414304463,0.6674808094905792,0.007850662944870967,0.8823573102351661,0.03554414494424077,0.42161856253537067,0.014008934685327197,0.9285264598492406,0.05942520813723456,0.26975268111184064,0.02126694414304463,0.4949436299414509,0.00995815846099377,0.2763797571152542,0.02024968828595821,0.5706826161322237,0.009535264711611525
43,3.0,3.0,6.0,5.5677643628300215,566.0,7.937253933193772,891.0,38.97435053981015,0.8824460429009042,0.03584510089207388,0.423882286361064,0.013827721248297242,0.9284729329124446,0.059898662039809446,0.2715036112934997,0.01955793960421073,0.6684112584321935,0.008261214616400961,0.8824460429009043,0.03584510089207393,0.42388228636106395,0.01382772124829723,0.9284729329124446,0.059898662039809446,0.2715036112934997,0.01955793960421073,0.49664184152395013,0.009645896512836148,0.2779484161661208,0.01871963427941212,0.5720063580113804,0.009774880926494619
44,10.666666666666666,8.504900548115382,17.333333333333332,15.56705923844749,576.6666666666666,3.0550504633038935,908.3333333333334,51.62686639079825,0.8837230387903222,0.03764359113304591,0.4326542161856254,0.020130363793811445,0.9290510417932077,0.05896637392521521,0.27708470124753776,0.024506182017756416,0.6753896254943009,0.0125675205017353,0.8837230387903222,0.037643591133045856,0.4326542161856254,0.02013036379381144,0.9290510417932076,0.05896637392521526,0.27708470124753776,0.024506182017756416,0.5061806113067944,0.017189353271024235,0.28317404088016207,0.023185113579160605,0.581139222618554,0.01572349975073081
45,7.666666666666667,4.509249752822894,9.0,9.539392014169456,584.3333333333334,3.2145502536643185,917.3333333333334,42.735621363604075,0.8854382280341654,0.03629005213839732,0.4391624221844935,0.016314131641652022,0.9296653024544342,0.05885349454195955,0.28003939592908733,0.023452161982516078,0.6805652477320308,0.010730303080727012,0.8854382280341654,0.03629005213839732,0.4391624221844935,0.016314131641652022,0.9296653024544341,0.0588534945419596,0.28003939592908733,0.023452161982516078,0.5129855542158783,0.014824876919561917,0.286166681775362,0.022026001702984865,0.5878565638808159,0.013007413541538487
46,7.0,6.244997998398398,16.333333333333332,11.239810200058244,591.3333333333334,8.504900548115382,933.6666666666666,42.15843134336634,0.8870290492319034,0.03478689304695112,0.4451046972269383,0.011079101273600383,0.9313530847133406,0.05721837327517286,0.285401619610418,0.020305081800996234,0.6855664107932078,0.006425057754067885,0.8870290492319034,0.03478689304695112,0.4451046972269383,0.011079101273600383,0.9313530847133406,0.05721837327517292,0.285401619610418,0.020305081800996234,0.519592755087227,0.009106180228740733,0.29180939805633976,0.01870041325050199,0.5942704693465991,0.007438994109958861
47,2.0,1.7320508075688772,15.666666666666666,18.44812546936228,593.3333333333334,10.066445913694333,949.3333333333334,44.85903847981289,0.8874616587920588,0.03437937589664562,0.44680249009620826,0.009911873168159007,0.920208487265852,0.039557288172096444,0.28682425038301596,0.019233788229653045,0.6873691556175855,0.005846334989572949,0.8874616587920588,0.03437937589664562,0.44680249009620826,0.009911873168159007,0.920208487265852,0.039557288172096444,0.28682425038301596,0.019233788229653045,0.52156227565783,0.006736999921096426,0.29321725378447366,0.01762797983360644,0.5963472121995893,0.006518318509922894
48,4.0,3.0,13.333333333333334,10.969655114602888,597.3333333333334,11.590225767142474,962.6666666666666,37.00450423034111,0.8882725144696851,0.033942500584004436,0.45019807583474813,0.008503100849641601,0.921529071632867,0.03857216813009664,0.2912015758371635,0.01563477465501072,0.6903349616189812,0.002965806001395732,0.8882725144696852,0.0339425005840045,0.45019807583474813,0.008503100849641603,0.9215290716328669,0.03857216813009659,0.2912015758371635,0.01563477465501072,0.5251705123913389,0.004980321178132253,0.2977054520618381,0.013896307671933776,0.6001745639588513,0.0028523550033879596
49,4.666666666666667,3.2145502536643185,11.666666666666666,6.8068592855540455,602.0,11.135528725660043,974.3333333333334,32.47049943153529,0.8891102258610402,0.0337209479320167,0.45415959252971133,0.009182218867904907,0.9223380829680093,0.03866583708155978,0.2950317356095426,0.01603746253563085,0.694870900209351,0.006297468823370577,0.8891102258610403,0.033720947932016763,0.4541595925297114,0.009182218867904898,0.9223380829680093,0.03866583708155978,0.2950317356095426,0.01603746253563085,0.5303732757437404,0.005133217701366985,0.3014987012117578,0.014251283039366522,0.6056186649033011,0.006664989766170162
50,8.333333333333334,3.0550504633038935,24.0,13.74772708486752,610.3333333333334,12.858201014657274,998.3333333333334,38.63073042712671,0.8900880680958733,0.032202426956561954,0.4609507640067912,0.008821990530911077,0.9158134549333453,0.028515482411585205,0.3001750930181659,0.015556450552783412,0.6997557571528262,0.008769936306738956,0.8900880680958733,0.032202426956561954,0.4609507640067912,0.008821990530911077,0.9158134549333453,0.02851548241158523,0.3001750930181659,0.015556450552783412,0.5375778995006316,0.006541666915244592,0.3067090646170931,0.013685466749394555,0.6118163384654499,0.008939163345376968
51,4.666666666666667,2.309401076758503,14.666666666666666,4.618802153517006,615.0,10.583005244258363,1013.0,42.50882261366456,0.8908578744608934,0.03233786033275495,0.4649122807017544,0.00994815836516522,0.9169740407635556,0.02834949169095965,0.30499015101772814,0.01707156927117532,0.7023726448011165,0.007254229897519865,0.8908578744608934,0.03233786033275495,0.4649122807017544,0.00994815836516522,0.9169740407635556,0.02834949169095965,0.30499015101772814,0.01707156927117532,0.5410831918774169,0.006409764543336171,0.31146041872757896,0.015291953450767592,0.6150881627861081,0.007132406395827596
52,5.0,5.291502622129181,14.666666666666666,16.165807537309522,620.0,15.620499351813308,1027.6666666666667,34.58805188693537,0.8918493394468522,0.03136555855568113,0.46915676287492925,0.008712396331828354,0.9179658130210633,0.029094010307113144,0.3098052090172904,0.01733885079478076,0.7039427773900908,0.008087457771457977,0.8918493394468522,0.03136555855568113,0.46915676287492925,0.008712396331828347,0.9179658130210633,0.029094010307113182,0.3098052090172904,0.017338850794780793,0.5439663744725627,0.006847448195545115,0.31607955903364143,0.015874274914436905,0.6171095345263002,0.008269165303907753
53,7.666666666666667,8.32666399786453,16.666666666666668,25.403411844343534,627.6666666666666,23.86070689089771,1044.3333333333333,26.689573494781317,0.893383914109767,0.02969598430662905,0.4756649688737974,0.008375013348584488,0.9190876270519241,0.029727891332034226,0.31527686583497483,0.017877503048073676,0.7103396138636892,0.013871790238274118,0.893383914109767,0.029695984306628995,0.4756649688737974,0.008375013348584445,0.9190876270519241,0.029727891332034226,0.31527686583497483,0.017877503048073666,0.5511988944220435,0.011817876515501174,0.3214389745540058,0.016699685500252203,0.6242710077506683,0.014697431397335715
54,2.0,1.7320508075688772,4.666666666666667,6.429100507328637,629.6666666666666,23.24507116214819,1049.0,21.517434791350013,0.8932216881489645,0.030345400219249807,0.4770797962648557,0.0066300931034861225,0.9195741419705277,0.02899101730790987,0.3168089297439265,0.015935208272503734,0.7119678995115143,0.011680950612114849,0.8932216881489645,0.030345400219249807,0.4770797962648557,0.0066300931034861225,0.9195741419705277,0.028991017307909907,0.3168089297439265,0.015935208272503727,0.5529050058112935,0.009791819268576474,0.3230298133735252,0.014649380960360869,0.6261662152624548,0.012343307249736646
55,6.0,2.6457513110645907,9.333333333333334,12.858201014657274,635.6666666666666,25.716402029314548,1058.3333333333333,22.810816147900834,0.8915691302811323,0.02559027867855525,0.48075834748160723,0.008068238499933923,0.9202125284916697,0.02911740719617281,0.3198730575618297,0.01687258820066364,0.7147592463363572,0.014711574574448204,0.8915691302811323,0.02559027867855525,0.48075834748160723,0.008068238499933923,0.9202125284916697,0.029117407196172843,0.3198730575618297,0.01687258820066364,0.5567727018227798,0.013377332876537511,0.32617939139325236,0.01610154822520873,0.6299373195194076,0.01635106505631455
56,5.333333333333333,7.571877794400365,9.666666666666666,16.743157806499145,641.0,33.28663395418648,1068.0,34.597687784012386,0.8926046387649317,0.024225863623827122,0.48528579513299375,0.01380163938682194,0.9207776524630933,0.029579168066363924,0.3230466185160867,0.020112190929082896,0.7174924401023494,0.018990691406298558,0.8926046387649317,0.024225863623827122,0.48528579513299375,0.01380163938682194,0.9207776524630933,0.029579168066363924,0.3230466185160867,0.020112190929082875,0.5606312636827103,0.019510598874625338,0.32954008418341335,0.019918523704268845,0.6331019952643525,0.02145087039960296
57,2.0,1.0,11.333333333333334,6.110100926607787,643.0,33.45145736735546,1079.3333333333333,28.53652630109932,0.8929496862305554,0.024095170414486222,0.4869835880022637,0.013644101246452945,0.9217287420572545,0.028722163052358293,0.3267673451521121,0.0181200258249005,0.7188881135147709,0.018304362334888573,0.8929496862305554,0.024095170414486222,0.4869835880022637,0.013644101246452945,0.9217287420572545,0.028722163052358293,0.3267673451521121,0.0181200258249005,0.5625622726954024,0.018522591590406097,0.33318677389872586,0.017930400230941668,0.6349344542011467,0.02032822261403516
58,1.3333333333333333,0.5773502691896257,6.0,7.0,644.3333333333334,33.08070938376826,1085.3333333333333,28.746014216467184,0.8931593166985018,0.024133526778122114,0.48811544991511036,0.013475813129361254,0.9221135160183674,0.028790749930960462,0.32873714160647843,0.018647676162279088,0.7191207257501745,0.018274130321247056,0.8931593166985018,0.02413352677812217,0.48811544991511036,0.013475813129361254,0.9221135160183674,0.028790749930960462,0.32873714160647843,0.018647676162279088,0.5628960395306312,0.0184613068924106,0.33519587431884934,0.018342400055421405,0.6351920146627001,0.020197320401931174
59,1.6666666666666667,2.886751345948129,6.333333333333333,7.094598884597588,646.0,35.93048844644336,1091.6666666666667,35.24674925909244,0.8934759070277699,0.023669775307228046,0.48953027730616866,0.015888958847047493,0.92246385422856,0.029086409534519672,0.33081637119719853,0.020613264313979005,0.7206327052802978,0.02083698026197791,0.8934759070277699,0.0236697753072281,0.48953027730616866,0.015888958847047493,0.92246385422856,0.029086409534519672,0.33081637119719853,0.020613264313978984,0.564627825291822,0.021450578244744774,0.33722125346825926,0.020371998730973357,0.6370091336588588,0.023312840242635056
60,10.333333333333334,9.018499505645789,20.333333333333332,14.571661996262929,656.3333333333334,27.465129406819358,1112.0,32.2335229225724,0.894447793322923,0.02399375947886996,0.4980192416525184,0.01061403471053256,0.92361664375146,0.02817379831174813,0.33738235937841976,0.019889453716397623,0.7263317050476855,0.01697402020388267,0.894447793322923,0.02399375947886996,0.4980192416525184,0.01061403471053256,0.92361664375146,0.02817379831174813,0.33738235937841976,0.019889453716397623,0.573264042153367,0.01561965014187509,0.3439490487982377,0.019017697505556094,0.6445345610364857,0.018055612228319834
61,10.0,3.605551275463989,21.0,10.44030650891055,666.3333333333334,25.146238950056397,1133.0,21.79449471770337,0.8960123319591843,0.02390701944912981,0.5065082059988681,0.007655772076099978,0.9252235660748154,0.02675605520377039,0.34427664696870214,0.01646195944705439,0.7331356129332403,0.014554886985047822,0.8960123319591843,0.02390701944912981,0.5065082059988681,0.007655772076099978,0.9252235660748154,0.02675605520377039,0.34427664696870214,0.01646195944705439,0.5831044858065142,0.011810673573354653,0.35053043730669603,0.015614505632991342,0.6538984220047561,0.014404852642098273
62,2.6666666666666665,1.1547005383792515,7.0,10.44030650891055,669.0,24.43358344574123,1140.0,28.61817604250837,0.895925704355814,0.02469322228341149,0.5084889643463497,0.007252974316907963,0.9253133606452231,0.02667207348985776,0.3464653096957759,0.018268124178320907,0.7337171435217492,0.014401426266940777,0.8959257043558141,0.024693222283411434,0.5084889643463497,0.007252974316907963,0.9253133606452231,0.026672073489857794,0.3464653096957759,0.018268124178320886,0.5841924373175004,0.011563824114370565,0.3526363452950449,0.01723134027223632,0.6546184461877255,0.014108316374246066
63,10.333333333333334,6.658328118479393,23.666666666666668,20.526405757787536,679.3333333333334,17.925772879665004,1163.6666666666667,38.47510017314228,0.8973639075792977,0.02538288583712697,0.5172608941709111,0.0059624526048968505,0.9268753089876824,0.025791106014756655,0.35423506237688773,0.019585474377248384,0.7412188881135148,0.009434247286325696,0.8973639075792977,0.025382885837126917,0.5172608941709111,0.0059624526048968505,0.9268753089876824,0.025791106014756683,0.35423506237688773,0.01958547437724838,0.594715967385646,0.0060022728852964944,0.3604634126911206,0.01812017763766256,0.6643373934787247,0.007191444294783331
64,13.0,10.583005244258363,26.0,20.663978319771825,692.3333333333334,25.794056162870806,1189.6666666666667,47.00354596552619,0.8993065599635756,0.024463544840932307,0.5282965478211659,0.014238534946699638,0.9282004981500391,0.026572625645684557,0.36277084701247536,0.023970353691755503,0.751104908118167,0.016930032417923176,0.8993065599635756,0.024463544840932307,0.5282965478211659,0.014238534946699638,0.9282004981500391,0.026572625645684557,0.36277084701247536,0.023970353691755503,0.6080829341462215,0.017385574592576326,0.3688206579516449,0.02274916638975299,0.676997556644773,0.017671887773786307
65,7.0,3.0,17.0,3.605551275463989,699.3333333333334,25.146238950056397,1206.6666666666667,44.54585652261424,0.9003495903795131,0.02407797797483357,0.5342388228636107,0.012015208684528694,0.9292419053481319,0.02608429076909345,0.36835193696651347,0.02332312572411214,0.7576762037683182,0.014962862276616608,0.9003495903795131,0.02407797797483357,0.5342388228636107,0.012015208684528694,0.9292419053481319,0.02608429076909345,0.36835193696651347,0.02332312572411214,0.6160787729230154,0.014380792716083586,0.3743685506345291,0.02211539459983653,0.6853542749377393,0.014636160131243761
66,8.333333333333334,1.1547005383792515,19.0,10.44030650891055,707.6666666666666,25.579940057266228,1225.6666666666667,46.26373669877233,0.9015399808010965,0.02370215297147837,0.5413129598189022,0.01158777319153555,0.93039739877351,0.02535512296399582,0.37458962573867366,0.023188724079330657,0.7618050709467318,0.014200305409129806,0.9015399808010965,0.02370215297147837,0.5413129598189022,0.01158777319153555,0.9303973987735101,0.02535512296399578,0.37458962573867366,0.023188724079330657,0.6224726790120877,0.011855195642868781,0.3807262592283857,0.022241153804967512,0.690811143181904,0.012919589161444488
67,7.333333333333333,6.658328118479393,14.0,10.583005244258363,715.0,30.347981810987037,1239.6666666666667,37.421027956662726,0.9000018417114761,0.026747325298669463,0.5458404074702886,0.00978995126882072,0.9313424310882878,0.02433165105916753,0.37918581746552854,0.019864149057657064,0.7658757850662945,0.01311580330021808,0.9000018417114761,0.026747325298669463,0.5458404074702886,0.00978995126882072,0.9313424310882878,0.024331651059167493,0.37918581746552854,0.019864149057657064,0.627390802452493,0.010576429412442141,0.3854328468333339,0.01884922765244809,0.69534912103156,0.012212282953122206
68,2.0,2.6457513110645907,13.0,9.539392014169456,717.0,29.46183972531247,1252.6666666666667,46.715450691750085,0.8992852659852208,0.025571782828026923,0.5469722693831353,0.010373685783714398,0.9319819677228091,0.024370025996807227,0.38345370978332244,0.022533396212603057,0.7662828564782508,0.013457502399079762,0.8992852659852208,0.025571782828026864,0.5469722693831353,0.010373685783714398,0.9319819677228091,0.024370025996807227,0.3834537097833224,0.02253339621260306,0.6280042718204987,0.011125021724841155,0.389722953323694,0.021347880424251515,0.695812149212699,0.012650165387232473
69,5.0,4.358898943540674,5.0,7.810249675906654,722.0,25.15949125081825,1257.6666666666667,54.50076452063158,0.8984800854856103,0.025846164899759504,0.5503678551216752,0.009802211701012286,0.9321786728360852,0.024568315192461557,0.3850952068286277,0.024918336059285534,0.7674459176552687,0.012823639543570882,0.8984800854856104,0.02584616489975945,0.5503678551216752,0.009802211701012286,0.9321786728360852,0.024568315192461557,0.3850952068286277,0.02491833605928553,0.6300300785142023,0.010291724489917647,0.3913898443315987,0.023733133332960208,0.6974592364816024,0.011954065177588406
70,4.333333333333333,5.131601439446884,9.666666666666666,12.662279942148386,726.3333333333334,30.02221399786054,1267.3333333333333,48.67579823005816,0.8991818475553967,0.024999974182374072,0.5540464063384267,0.011587773191535543,0.9326701032583385,0.024594090013182662,0.38826876778288466,0.02401377963752605,0.7704117236566643,0.014336468774634861,0.8991818475553965,0.024999974182374127,0.5540464063384267,0.011587773191535543,0.9326701032583385,0.024594090013182662,0.38826876778288466,0.02401377963752605,0.634783540357642,0.013354797832353858,0.3944252677622046,0.022974545161979564,0.7015515532571325,0.014446837694971456
71,7.0,6.244997998398398,4.333333333333333,6.658328118479393,733.3333333333334,26.083200212652844,1271.6666666666667,54.793551932078046,0.8958389959458094,0.022884379329681723,0.5574419920769667,0.013749327236283351,0.9328485388149254,0.024704294824944486,0.3896913985554826,0.02577307187285609,0.7727959990695511,0.014374984466601874,0.8958389959458094,0.02288437932968167,0.5574419920769667,0.013749327236283351,0.9328485388149254,0.024704294824944486,0.3896913985554826,0.02577307187285609,0.6380180174842452,0.013830242705730154,0.39592387740611057,0.024789434770402175,0.7045116247989444,0.014570985869307173
72,7.0,7.54983443527075,15.666666666666666,2.0816659994661326,740.3333333333334,33.471380810079125,1287.3333333333333,54.88472768752099,0.8917262999084625,0.029670627321653965,0.5599886813808715,0.015934248132768638,0.9336566365895781,0.024458876601109472,0.39483475596410594,0.025952962909242747,0.7741335194231216,0.014930620908277212,0.8917262999084626,0.02967062732165391,0.5599886813808715,0.015934248132768638,0.933656636589578,0.024458876601109444,0.39483475596410594,0.025952962909242747,0.6396903078258428,0.014862490936213753,0.4011894867489617,0.024681660819551136,0.7060745195237759,0.015424714813073538
73,5.666666666666667,1.5275252316519468,10.0,2.6457513110645907,746.0,34.828149534535996,1297.3333333333333,56.58032638058333,0.8925530784556843,0.029366626238320884,0.5647990945104697,0.017153870476771565,0.9341381438982153,0.024411059559516095,0.39811775005471656,0.026635449891660296,0.7773319376599209,0.016282129548788653,0.8925530784556843,0.029366626238320825,0.5647990945104697,0.017153870476771565,0.9341381438982151,0.024411059559516158,0.39811775005471656,0.026635449891660296,0.6448283915104706,0.016031107702018203,0.404548500795165,0.025381738445186444,0.7105384335066538,0.01670957257790557
74,11.333333333333334,8.144527815247077,27.666666666666668,11.503622617824933,757.3333333333334,40.26578365477733,1325.0,67.94850991743675,0.8936426319936959,0.02894063649335184,0.5741369552914545,0.024520228161731678,0.9330023583806799,0.028563660023634384,0.4062158021448895,0.031940231341802565,0.7869853454291695,0.02364098869880099,0.8936426319936959,0.02894063649335184,0.5741369552914545,0.024520228161731678,0.9330023583806799,0.02856366002363436,0.4062158021448895,0.031940231341802565,0.6564050645661059,0.025494300835116678,0.4123564406843293,0.031189838661066695,0.7220690646643779,0.026157687199024702
75,2.0,2.0,7.666666666666667,7.234178138070235,759.3333333333334,41.488954353337625,1332.6666666666667,67.00248751601193,0.893965260923531,0.028605283275770624,0.5758347481607244,0.024520228161731678,0.9333547460798646,0.02857223455774772,0.4087327642810243,0.03204747109307097,0.7884391719004419,0.024667524054297035,0.8939652609235311,0.028605283275770572,0.5758347481607244,0.024520228161731678,0.9333547460798646,0.02857223455774772,0.4087327642810243,0.03204747109307097,0.6582244888084403,0.026293080695878733,0.41476121596817184,0.03142008620470682,0.72384297534762,0.027325742864175523
76,1.6666666666666667,2.0816659994661326,0.3333333333333333,0.5773502691896257,761.0,43.55456348076513,1333.0,66.50563885867122,0.8942210672712215,0.028329071151732794,0.5772495755517827,0.025818177123506845,0.9333809302593833,0.028527035828675055,0.408842197417378,0.03187098017925215,0.789544080018609,0.02593541671149354,0.8942210672712215,0.028329071151732794,0.5772495755517827,0.025818177123506845,0.9333809302593833,0.028527035828675055,0.408842197417378,0.03187098017925215,0.6600710686364812,0.028336695270686208,0.41487898240035354,0.031229532842254742,0.7254969981999406,0.029262787627097393
77,1.3333333333333333,1.1547005383792515,16.666666666666668,23.86070689089771,762.3333333333334,42.477444995354105,1349.6666666666667,86.85812186165053,0.8943872834833884,0.028428328578224034,0.5783814374646293,0.02527279361791347,0.9259438460248813,0.02340120160243018,0.4104836944626833,0.03218059958969706,0.7900093044894162,0.025767055376463805,0.8943872834833884,0.028428328578224034,0.5783814374646293,0.02527279361791347,0.9259438460248813,0.02340120160243018,0.4104836944626833,0.032180599589697115,0.6609205447311723,0.027848210561687705,0.41654409292224254,0.03170676718790067,0.7261176029970295,0.028859543665363488
78,7.0,6.557438524302,30.666666666666668,26.727015047201462,769.3333333333334,47.42713709821977,1380.3333333333333,64.00260411368691,0.8954713699705867,0.027346042640961587,0.5843237125070742,0.02684893601470179,0.927643430907274,0.022577546181461176,0.42055154300722253,0.026368390514714377,0.7942544777855315,0.02789237979850072,0.8954713699705867,0.027346042640961535,0.5843237125070742,0.02684893601470179,0.927643430907274,0.022577546181461176,0.4205515430072226,0.02636839051471441,0.6674013486945053,0.031187075541875733,0.4266096890793229,0.0260107647770816,0.7316997361965021,0.03219632473031221
79,7.0,8.888194417315589,3.0,5.196152422706632,776.3333333333334,48.08672720547047,1383.3333333333333,64.25988899253821,0.8923648838481968,0.022116588737926227,0.587719298245614,0.02936167392778895,0.9277528292683823,0.022735281916844825,0.42153644123440576,0.02696855256456051,0.7968713654338219,0.029333189162238295,0.8923648838481968,0.022116588737926175,0.587719298245614,0.02936167392778895,0.9277528292683823,0.022735281916844877,0.42153644123440576,0.02696855256456053,0.6708306054313125,0.0333099022641386,0.42747398786237606,0.0265511322366055,0.7345542516895438,0.03379128363181469
80,6.333333333333333,7.094598884597588,1.3333333333333333,1.5275252316519468,782.6666666666666,44.298231717906454,1384.6666666666667,64.90249096400949,0.89328872878446,0.021822832272492727,0.5930956423316355,0.02437284016145881,0.9278052758578038,0.02278921948165432,0.42197417377982055,0.02730285477007404,0.8018725284949989,0.023239987980729047,0.89328872878446,0.021822832272492668,0.5930956423316355,0.02437284016145881,0.9278052758578038,0.022789219481654327,0.42197417377982055,0.02730285477007404,0.6770243007930397,0.026845514000859116,0.42786966272609506,0.026836766898244265,0.7399403363544774,0.027304897766061768
81,24.333333333333332,31.214312956291916,24.666666666666668,12.096831541082704,807.0,73.43023900274328,1409.3333333333333,57.570246945217576,0.8788258190152373,0.04732917448660539,0.6001697792869269,0.024204715499801764,0.9283267716402065,0.023470290934512947,0.4297439264609324,0.02644593876972597,0.8068736915561758,0.02298164446532408,0.8788258190152373,0.04732917448660539,0.6001697792869269,0.024204715499801764,0.9283267716402064,0.023470290934512892,0.42974392646093235,0.026445938769725983,0.6843723554162535,0.027533360059357213,0.435923258814398,0.02632928410515552,0.746184142532458,0.02753515969668643
82,8.666666666666666,7.094598884597588,26.666666666666668,22.678918257565403,815.6666666666666,73.96170180122502,1436.0,40.779897008207364,0.8801729464398091,0.04667361692036125,0.6075268817204301,0.022608924001627864,0.929746983141523,0.02249748660975584,0.4384985773692274,0.022354112240456147,0.8114096301465458,0.022336907087116095,0.8801729464398091,0.04667361692036125,0.6075268817204301,0.022608924001627864,0.929746983141523,0.022497486609755785,0.4384985773692274,0.022354112240456147,0.6921615648727172,0.02647198571650924,0.4445388780313155,0.022596407400756833,0.7528865949656774,0.02666779321411872
83,2.3333333333333335,2.0816659994661326,5.333333333333333,4.041451884327381,818.0,74.48489779814429,1441.3333333333333,40.64890322423636,0.8801680077694616,0.04708811067197823,0.6092246745897001,0.022158202547200825,0.9299937860843364,0.0224432587615368,0.4402495075508864,0.02256685338947394,0.8122819260293092,0.021921543550381152,0.8801680077694616,0.04708811067197823,0.6092246745897001,0.022158202547200825,0.9299937860843364,0.0224432587615368,0.4402495075508864,0.02256685338947394,0.6933828256226261,0.026487385296684856,0.44617107499742836,0.022726300344672105,0.7541800943943524,0.02632275197977595
84,16.333333333333332,12.055427546683417,9.666666666666666,6.8068592855540455,834.3333333333334,74.14400402819727,1451.0,47.44470465710583,0.8725321165035247,0.04255037278509973,0.6162988115449914,0.026951626258722508,0.9303883963517862,0.02261803300796941,0.44342306850514335,0.024788960621173608,0.8152477320307048,0.02392763416169303,0.8725321165035247,0.04255037278509973,0.6162988115449914,0.026951626258722508,0.9303883963517862,0.02261803300796941,0.44342306850514335,0.024788960621173615,0.6988099928605476,0.03000062628207197,0.44947418178273835,0.02501749350363813,0.7586420311698517,0.02946545665246391
85,3.3333333333333335,5.773502691896258,6.333333333333333,9.291573243177568,837.6666666666666,79.8582076766899,1457.3333333333333,53.144457221175315,0.8712884170801134,0.0444633811160376,0.6174306734578381,0.028879119008880797,0.930610001585298,0.022817600526327485,0.4455022980958634,0.02693856194932493,0.8156548034426611,0.024613793096486845,0.8709922451983471,0.044922159515219974,0.6174306734578381,0.028879119008880797,0.9306100015852979,0.022817600526327485,0.44550229809586345,0.026938561949324934,0.6994604925726983,0.031123707581052117,0.4515731713111405,0.0272315553400912,0.7591067313423284,0.03026199816660355
86,6.333333333333333,3.5118845842842465,19.333333333333332,9.504384952922168,844.0,79.16438593205912,1476.6666666666667,59.71878543082849,0.8718229057687252,0.04497622888720252,0.622524052065648,0.02884166498763359,0.9314694089871851,0.022784964440614643,0.45184942000437733,0.028838694148446257,0.8187369155617585,0.02444421477758129,0.8715286163574185,0.0454316417822325,0.622524052065648,0.02884166498763359,0.9314694089871851,0.022784964440614643,0.45184942000437733,0.02883869414844628,0.7050212159185034,0.030801467918318975,0.45776351421952066,0.028747283693418235,0.7639878339148332,0.029881852188835004
87,4.333333333333333,3.0550504633038935,19.666666666666668,12.013880860626733,848.3333333333334,81.30395644329575,1496.3333333333333,63.67364708679199,0.8720659969679899,0.04396235214286361,0.6259196378041878,0.03132109587328057,0.9310245586544428,0.020745206438738586,0.4576493762311228,0.02954877064481236,0.8204233542684345,0.025505867969724864,0.8717734350354868,0.04441499792971666,0.6259196378041879,0.031321095873280635,0.9310245586544428,0.020745206438738586,0.4576493762311228,0.029548770644812334,0.7075190360655781,0.03249148487853603,0.46358412648898206,0.02955109128712872,0.7661252260305836,0.031564260233205944
88,11.666666666666666,14.364307617610162,6.666666666666667,5.507570547286102,860.0,73.74957626996917,1503.0,58.412327466040935,0.8653396047409393,0.044397014772434316,0.629881154499151,0.028371434579063503,0.9313873509815823,0.020377266356391952,0.4598380389581965,0.027842293316911793,0.8226331705047686,0.02368878967589041,0.865047288054272,0.044777280384621136,0.629881154499151,0.028371434579063503,0.9313873509815823,0.020377266356391952,0.4598380389581965,0.027842293316911793,0.7116427351895883,0.029312152357702355,0.46571379124788354,0.027846815644170013,0.7693200345652117,0.02895686844198828
89,7.0,7.211102550927978,21.333333333333332,20.207259421636902,867.0,80.1311425102625,1524.3333333333333,78.10463067791393,0.8664791234046862,0.04350912904617497,0.635823429541596,0.03449278379271655,0.9321515172651604,0.020940802799781402,0.4668417596848326,0.03433672831338042,0.8253082112119098,0.026747688909910278,0.8661904400118347,0.04387673204238333,0.635823429541596,0.03449278379271655,0.9321515172651604,0.020940802799781406,0.4668417596848326,0.03433672831338042,0.7160584802944236,0.034604286203570665,0.4730421190754455,0.03482117092068844,0.772939801879622,0.033406227216857085
90,5.666666666666667,7.234178138070235,16.0,15.394804318340652,872.6666666666666,75.24847728248946,1540.3333333333333,75.85732221304238,0.8671395350445693,0.04419415145375432,0.6406338426711942,0.03316495435794649,0.9328963661448747,0.02065299132862489,0.47209455022980956,0.03342049284676623,0.8287973947429635,0.025306404554235995,0.8668510908797403,0.04456048840740036,0.6406338426711942,0.03316495435794643,0.9328963661448747,0.02065299132862489,0.47209455022980956,0.033420492846766195,0.720768493200733,0.03246050521062729,0.47799985695066655,0.033632788734568535,0.777052569467385,0.031356854682695286
91,6.0,7.810249675906654,12.666666666666666,12.055427546683417,878.6666666666666,83.05018563093843,1553.0,78.88599368709251,0.8667292860185262,0.04373163486988355,0.6445953593661573,0.0377385150488974,0.9334107540915692,0.02055198987506966,0.47625300941124976,0.034573424677074714,0.8317632007443592,0.029057972678182425,0.8664454415188838,0.0440963734907816,0.6445953593661573,0.0377385150488974,0.9334107540915692,0.02055198987506966,0.4762530094112497,0.03457342467707474,0.7251894225537486,0.03816361555364828,0.48214233571480974,0.03472510394051051,0.7807986056328267,0.03639632636611909
92,3.6666666666666665,3.7859388972001824,8.0,6.244997998398398,882.3333333333334,81.14390509048313,1561.0,74.08103670980854,0.867309550981688,0.04360814823535043,0.6477079796264856,0.03501118952003613,0.9338051613516319,0.020183594262852392,0.47887940468373824,0.03301708533410055,0.8331007210979298,0.02752716672626007,0.867025937720662,0.04397753112811166,0.6477079796264856,0.035011189520036144,0.9338051613516319,0.020183594262852395,0.47887940468373824,0.03301708533410054,0.7276371283017469,0.035449025637004326,0.48485895040654614,0.03316027992530559,0.7829401380404412,0.03390690941471386
93,2.0,3.4641016151377544,6.0,10.392304845413264,884.3333333333334,79.93956050250297,1567.0,65.02307282803544,0.8672533964444014,0.04362756457205367,0.6491228070175439,0.03319753112860774,0.9341519425367365,0.019652743935108238,0.48084920113810464,0.03004313316711409,0.8337404047452897,0.026670580348172115,0.8669697831833754,0.04399624147108616,0.6491228070175439,0.03319753112860775,0.9341519425367365,0.019652743935108297,0.48084920113810464,0.030043133167114062,0.7288455518656854,0.033994837016260215,0.48656872569191484,0.030628632087905644,0.7840425465020101,0.0325370869325905
94,2.3333333333333335,0.5773502691896257,15.0,19.467922333931785,886.6666666666666,79.75169799655261,1582.0,83.86298349093002,0.8668271627593516,0.04381853756997842,0.6505376344086021,0.03355378820948787,0.9294165219042737,0.013336074508477609,0.48292843072882463,0.031845042678923186,0.8342056292160968,0.027031791212785428,0.8665440109228497,0.04417756697086568,0.6505376344086021,0.03355378820948787,0.9294165219042737,0.013336074508477673,0.4829284307288247,0.03184504267892316,0.7295965272449502,0.03465679274205861,0.48869961135551265,0.03241045159255009,0.7845530555411939,0.03322379086568379
95,3.3333333333333335,5.773502691896258,3.0,2.6457513110645907,890.0,85.42247947700886,1585.0,85.71464285639881,0.864359556157638,0.04702725933057078,0.6508205998868138,0.03402299531351624,0.9293224200712059,0.013299226268575593,0.48380389581965416,0.03250385219229322,0.8347290067457548,0.02788637758434557,0.864081773242075,0.047399003587954694,0.6508205998868138,0.03402299531351624,0.9293224200712058,0.013299226268575616,0.48380389581965416,0.032503852192293195,0.7301087803389589,0.035522810206000045,0.48959443275597786,0.0330435243377674,0.7851890740325274,0.03429138890675311
96,0.3333333333333333,0.5773502691896257,20.0,22.9128784747792,890.3333333333334,85.04900548115383,1605.0,108.49884792015075,0.8643937140628021,0.04708271431753308,0.6511035653650254,0.03391338600244171,0.9215268926098399,0.011972709914098375,0.48555482600131317,0.032815164107170475,0.8349034659223075,0.02783120583704672,0.8641159311472391,0.04745432408053114,0.6511035653650254,0.03391338600244171,0.9215268926098399,0.011972709914098408,0.48555482600131317,0.03281516410717045,0.7303798424581018,0.03538370205734429,0.49131819757432704,0.03329299493282734,0.7853678654507176,0.03420757147560537
97,1.6666666666666667,1.1547005383792515,4.333333333333333,2.309401076758503,892.0,86.18584570566097,1609.3333333333333,108.30204676428481,0.8642608842305505,0.046228860995590426,0.6522354272778721,0.0349631302118358,0.9217274986388168,0.012043488173627692,0.48697745677391113,0.03289608132911923,0.8354268434519656,0.02851451496628723,0.8639837618098487,0.04660039029095918,0.6522354272778721,0.0349631302118358,0.9217274986388168,0.012043488173627692,0.48697745677391113,0.03289608132911923,0.7311994474085157,0.03652878808766317,0.4928161458948556,0.033367348361470386,0.7860154667715694,0.03514095148618925
98,5.666666666666667,3.0550504633038935,10.666666666666666,9.865765724632494,897.6666666666666,84.29313930168536,1620.0,99.73966111833346,0.863510260207815,0.043556561545752395,0.6559139784946236,0.03320838295056863,0.9222842587749422,0.011761991487113509,0.49047931713722914,0.029821081836818055,0.8386252616887648,0.02628434631543729,0.8632337953841569,0.04393761560858422,0.6559139784946236,0.03320838295056863,0.9222842587749422,0.011761991487113477,0.49047931713722914,0.029821081836818055,0.7357359114352645,0.03446277298025664,0.4962900775956156,0.030377525447534623,0.7901935125805153,0.03271555175330845
99,4.666666666666667,5.686240703077327,9.666666666666666,7.637626158259733,902.3333333333334,81.92883090422646,1629.6666666666667,96.6247035355521,0.8640787097083856,0.04394083138036347,0.6598754951895869,0.033251754823145185,0.922716701921415,0.012004990930931738,0.49365287809148606,0.029307656801441137,0.8406606187485461,0.026120176441831136,0.8638028996002816,0.044318025962636065,0.6598754951895869,0.033251754823145185,0.922716701921415,0.012004990930931738,0.4936528780914861,0.02930765680144114,0.7387736339999762,0.033887598763026355,0.49942785353661007,0.029622377555799835,0.7926716336791715,0.03196602848400976
100,5.333333333333333,6.8068592855540455,17.0,12.288205727444508,907.6666666666666,79.25486315257464,1646.6666666666667,106.0393008904403,0.8647042660615627,0.04442483769115615,0.6644029428409733,0.03395939426967349,0.923458056540706,0.012228264560912633,0.49923396804552417,0.032873138575197934,0.84351011863224,0.026602021268961884,0.8644291078037725,0.04479796541447026,0.6644029428409735,0.03395939426967348,0.923458056540706,0.0122282645609126,0.49923396804552417,0.03287313857519796,0.7427319309201378,0.034061016842450706,0.5052256247140415,0.03317341215335653,0.7960445407288558,0.032183290082397426
